{
"type": "FeatureCollection",
"name": "cuenca_ichu",
"crs": { "type": "name", "properties": { "name": "urn:ogc:def:crs:OGC:1.3:CRS84" } },
"features": [
{ "type": "Feature", "properties": { "PERIMETRO": 165.854, "AREA": 620.104 }, "geometry": { "type": "MultiPolygon", "coordinates": [ [ [ [ -75.038982818673489, -13.08957587167966 ], [ -75.039123140961081, -13.089575850446657 ], [ -75.039684430108935, -13.089575764751721 ], [ -75.039824730306421, -13.089438192933583 ], [ -75.039965030348242, -13.089300621038142 ], [ -75.04108760738248, -13.089300444769357 ], [ -75.041227906643968, -13.089162872188227 ], [ -75.041368205749777, -13.089025299529832 ], [ -75.041929493635948, -13.089025208956093 ], [ -75.042069838940151, -13.089162736326145 ], [ -75.04221018440002, -13.089300263617947 ], [ -75.042350483036756, -13.089162690428461 ], [ -75.042490781517841, -13.08902511716172 ], [ -75.042631079843275, -13.088887543817734 ], [ -75.042771378013057, -13.088749970396497 ], [ -75.042911676027188, -13.088612396898016 ], [ -75.043051973885667, -13.08847482332229 ], [ -75.043192271588509, -13.088337249669326 ], [ -75.043332569135686, -13.088199675939137 ], [ -75.043472866527239, -13.088062102131698 ], [ -75.043472818308715, -13.087787001703456 ], [ -75.043613115389533, -13.08764942781637 ], [ -75.043753412314729, -13.087511853852055 ], [ -75.043753363787133, -13.087236753413141 ], [ -75.043893660401608, -13.087099179369208 ], [ -75.04403395686046, -13.086961605248034 ], [ -75.044174253163675, -13.086824031049646 ], [ -75.044314549311267, -13.086686456774032 ], [ -75.04445484530325, -13.086548882421212 ], [ -75.044595141139595, -13.086411307991176 ], [ -75.044595091682737, -13.086136207531982 ], [ -75.044735387208419, -13.08599863302234 ], [ -75.044875682578493, -13.085861058435507 ], [ -75.044875632812662, -13.085585957965664 ], [ -75.045015927872086, -13.085448383299216 ], [ -75.045296567755017, -13.085448334211751 ], [ -75.04543686250264, -13.085310759316103 ], [ -75.045577157094655, -13.085173184343263 ], [ -75.045717451531075, -13.085035609293231 ], [ -75.045857745811887, -13.084898034166015 ], [ -75.045998039937089, -13.084760458961629 ], [ -75.046138333906711, -13.084622883680041 ], [ -75.046278627720739, -13.084485308321275 ], [ -75.046278576404688, -13.084210207827558 ], [ -75.046418869908095, -13.084072632389235 ], [ -75.046699508229224, -13.084072581781912 ], [ -75.046839801420887, -13.083935006114446 ], [ -75.046980094456941, -13.083797430369815 ], [ -75.047120387337429, -13.083659854548017 ], [ -75.047260680062308, -13.083522278649072 ], [ -75.047400972631621, -13.08338470267295 ], [ -75.047541265045353, -13.083247126619669 ], [ -75.04768155730352, -13.083109550489233 ], [ -75.047681504437577, -13.082834449971811 ], [ -75.047821796385179, -13.082696873761861 ], [ -75.047962088177215, -13.082559297474766 ], [ -75.04810237981367, -13.082421721110535 ], [ -75.048242671294574, -13.082284144669147 ], [ -75.048242457363656, -13.08118374250324 ], [ -75.048382748069216, -13.081046165975287 ], [ -75.048523038619209, -13.080908589370212 ], [ -75.04866332901365, -13.080771012688002 ], [ -75.048943963591483, -13.080770959654215 ], [ -75.049084253674209, -13.080633382742976 ], [ -75.049224543601397, -13.080495805754618 ], [ -75.04950517786564, -13.08049575211208 ], [ -75.049645467481113, -13.080358174894712 ], [ -75.049785756941063, -13.080220597600231 ], [ -75.04992604624546, -13.080083020228656 ], [ -75.049925990904256, -13.07980791965611 ], [ -75.050066279898203, -13.079670342205075 ], [ -75.050627546551382, -13.079670232792473 ], [ -75.050767891350588, -13.079807755535427 ], [ -75.050908236305361, -13.079945278200078 ], [ -75.051469503572932, -13.07994516695547 ], [ -75.051609848992996, -13.080082689235672 ], [ -75.051750194568598, -13.080220211437549 ], [ -75.051890482779712, -13.080082633002876 ], [ -75.052030770835287, -13.079945054491102 ], [ -75.05231140446449, -13.07994499780151 ], [ -75.052451692208336, -13.079807419060803 ], [ -75.052591979796645, -13.079669840243017 ], [ -75.053433879739032, -13.079669667433551 ], [ -75.0535741667032, -13.07953208808318 ], [ -75.05371445351183, -13.079394508655749 ], [ -75.053995086510824, -13.079394450139072 ], [ -75.054135373007725, -13.079256870482752 ], [ -75.054275659349088, -13.079119290749384 ], [ -75.054836924718117, -13.079119172193977 ], [ -75.054977210591517, -13.078981592079948 ], [ -75.055117496309393, -13.07884401188886 ], [ -75.055257781871759, -13.078706431620734 ], [ -75.055398067278603, -13.078568851275568 ], [ -75.055538352529922, -13.078431270853368 ], [ -75.055678637625718, -13.078293690354142 ], [ -75.055818922566004, -13.078156109777881 ], [ -75.055959207350796, -13.0780185291246 ], [ -75.056239838783441, -13.078018468175147 ], [ -75.056380123256474, -13.077880887293054 ], [ -75.056520407574013, -13.077743306333966 ], [ -75.056660691736042, -13.077605725297843 ], [ -75.056800975742561, -13.077468144184705 ], [ -75.056941259593586, -13.077330562994558 ], [ -75.057081543289087, -13.077192981727398 ], [ -75.057221826829107, -13.077055400383237 ], [ -75.057362110213631, -13.076917818962073 ], [ -75.057642740395039, -13.076917756493595 ], [ -75.057783023467834, -13.076780174843677 ], [ -75.057923306385135, -13.076642593116784 ], [ -75.05806358914694, -13.076505011312877 ], [ -75.05820387175325, -13.076367429431984 ], [ -75.058484501308286, -13.076367366051668 ], [ -75.05862478360288, -13.07622978394205 ], [ -75.058765065741994, -13.076092201755452 ], [ -75.058905347725613, -13.075954619491878 ], [ -75.059045629553751, -13.075817037151323 ], [ -75.059185911226407, -13.075679454733795 ], [ -75.059326192743583, -13.075541872239295 ], [ -75.062132478836233, -13.075541212566748 ], [ -75.06227275863543, -13.075403628478329 ], [ -75.062413038279161, -13.07526604431296 ], [ -75.06255331776741, -13.075128460070658 ], [ -75.062693597100193, -13.074990875751428 ], [ -75.062833876277494, -13.074853291355272 ], [ -75.062974155299329, -13.074715706882197 ], [ -75.063254782962431, -13.074715638328339 ], [ -75.063395061672537, -13.074578053626679 ], [ -75.063535340227162, -13.074440468848108 ], [ -75.06367561862632, -13.074302883992639 ], [ -75.063815896870025, -13.074165299060242 ], [ -75.063956174958278, -13.07402771405094 ], [ -75.063956104099162, -13.073752613417016 ], [ -75.064096381877306, -13.073615028328637 ], [ -75.064377008290265, -13.07361495856161 ], [ -75.064517285756679, -13.073477373244701 ], [ -75.064657563067641, -13.073339787850896 ], [ -75.064797840223164, -13.0732022023802 ], [ -75.064938117223221, -13.073064616832632 ], [ -75.065078394067839, -13.072927031208158 ], [ -75.065078321971669, -13.072651930556948 ], [ -75.065218598506235, -13.072514344853433 ], [ -75.065499223669036, -13.072514273873439 ], [ -75.065639499891887, -13.072376687941439 ], [ -75.065639281753036, -13.071551385944467 ], [ -75.065779557356649, -13.071413799929152 ], [ -75.065919832804838, -13.071276213836969 ], [ -75.065919759786055, -13.071001113155324 ], [ -75.06606003492422, -13.07086352698415 ], [ -75.066340658216873, -13.070863455099266 ], [ -75.06648093304338, -13.070725868699636 ], [ -75.066621207714476, -13.070588282223156 ], [ -75.066761482230163, -13.070450695669827 ], [ -75.066901756590426, -13.070313109039638 ], [ -75.067042030795264, -13.07017552233261 ], [ -75.067182304844707, -13.070037935548735 ], [ -75.067322578738739, -13.069900348688019 ], [ -75.067462852477362, -13.069762761750461 ], [ -75.067603126060604, -13.06962517473608 ], [ -75.067743399488407, -13.069487587644847 ], [ -75.067883672760843, -13.069350000476788 ], [ -75.067883597578188, -13.069074899765289 ], [ -75.068023870540671, -13.068937312518273 ], [ -75.068304491645719, -13.068937238511628 ], [ -75.068444764296558, -13.068799651036263 ], [ -75.068585036792001, -13.068662063484075 ], [ -75.068865657582791, -13.06866198886971 ], [ -75.06900592976659, -13.068524401089201 ], [ -75.069146201794993, -13.068386813231868 ], [ -75.069286473668015, -13.068249225297722 ], [ -75.069426745385641, -13.068111637286769 ], [ -75.069707365549618, -13.068111561761693 ], [ -75.069847636955615, -13.067973973522436 ], [ -75.069987908206215, -13.067836385206379 ], [ -75.070128179301449, -13.067698796813525 ], [ -75.070268450241301, -13.06756120834388 ], [ -75.070549069778437, -13.067561131908175 ], [ -75.070689340406659, -13.06742354321025 ], [ -75.070829610879471, -13.06728595443556 ], [ -75.071110230102292, -13.06728587739225 ], [ -75.071250500263474, -13.067148288389285 ], [ -75.071390770269304, -13.067010699309542 ], [ -75.071531040119737, -13.066873110153026 ], [ -75.071671309814832, -13.066735520919737 ], [ -75.071811579354545, -13.06659793160968 ], [ -75.071811499838986, -13.066322830862839 ], [ -75.071951769068903, -13.066185241473963 ], [ -75.072092038143438, -13.066047652008299 ], [ -75.072091798681058, -13.065222349720283 ], [ -75.072232067136937, -13.065084760171658 ], [ -75.072372335437493, -13.064947170546294 ], [ -75.07251260358268, -13.064809580844166 ], [ -75.072793219998161, -13.064809501988512 ], [ -75.072933487831762, -13.064671912058207 ], [ -75.073073755510023, -13.064534322051164 ], [ -75.073214023032961, -13.064396731967381 ], [ -75.073354290400545, -13.064259141806859 ], [ -75.073494557612804, -13.064121551569604 ], [ -75.073634824669739, -13.063983961255618 ], [ -75.073775091571335, -13.063846370864921 ], [ -75.073915358317606, -13.06370878039748 ], [ -75.074055624908553, -13.063571189853311 ], [ -75.074195891344175, -13.063433599232429 ], [ -75.074336157624487, -13.06329600853482 ], [ -75.074476423749459, -13.063158417760496 ], [ -75.074757038287913, -13.06315833678341 ], [ -75.074897304101299, -13.063020745780992 ], [ -75.075037569759374, -13.062883154701861 ], [ -75.075318183983413, -13.062883073117488 ], [ -75.075458449329901, -13.062745481810278 ], [ -75.075598714521078, -13.062607890426388 ], [ -75.075738979556959, -13.062470298965783 ], [ -75.07587924443753, -13.062332707428483 ], [ -75.076019509162776, -13.06219511581449 ], [ -75.076159773732726, -13.062057524123809 ], [ -75.076300038147366, -13.061919932356441 ], [ -75.076440302406709, -13.061782340512385 ], [ -75.076720915378644, -13.061782257412615 ], [ -75.076861179326414, -13.061644665340538 ], [ -75.077001443118888, -13.061507073191795 ], [ -75.077141706756066, -13.061369480966365 ], [ -75.077281970237934, -13.061231888664263 ], [ -75.077422233564519, -13.061094296285487 ], [ -75.077562496735808, -13.060956703830053 ], [ -75.077702759751816, -13.060819111297949 ], [ -75.077843022612512, -13.060681518689183 ], [ -75.077983285317941, -13.060543926003763 ], [ -75.078123547868088, -13.060406333241684 ], [ -75.078263810262953, -13.060268740402966 ], [ -75.078404072502522, -13.060131147487585 ], [ -75.078544334586823, -13.059993554495547 ], [ -75.078684596515842, -13.059855961426864 ], [ -75.078965207297983, -13.059855875904136 ], [ -75.079105468915458, -13.059718282607518 ], [ -75.07924573037765, -13.059580689234259 ], [ -75.079385991684575, -13.059443095784367 ], [ -75.079526252836231, -13.059305502257841 ], [ -75.079806862991248, -13.059305415825513 ], [ -75.079947123831346, -13.0591678220711 ], [ -75.080087384516204, -13.059030228240038 ], [ -75.080648604195034, -13.059030053856983 ], [ -75.080788864412028, -13.058892459646771 ], [ -75.080929124473769, -13.058754865359944 ], [ -75.08120973399754, -13.058754777409247 ], [ -75.081349993747736, -13.058617182894556 ], [ -75.081490253342665, -13.05847958830326 ], [ -75.08163051278234, -13.058341993635366 ], [ -75.081770772066761, -13.058204398890869 ], [ -75.082051380963293, -13.058204310030764 ], [ -75.08219163993617, -13.058066715058432 ], [ -75.082331898753793, -13.057929120009524 ], [ -75.082472157416149, -13.05779152488401 ], [ -75.082612415923265, -13.057653929681912 ], [ -75.083173632459719, -13.057653749838638 ], [ -75.083313890498999, -13.057516154257515 ], [ -75.083454148383026, -13.057378558599819 ], [ -75.083734756335474, -13.057378467919158 ], [ -75.083875013907956, -13.057240872033679 ], [ -75.0840152713252, -13.057103276071636 ], [ -75.084295878962919, -13.057103184784173 ], [ -75.084436136068618, -13.056965588594368 ], [ -75.084576393019063, -13.056827992328021 ], [ -75.084716649814283, -13.056690395985102 ], [ -75.084856906454263, -13.056552799565628 ], [ -75.085137513464602, -13.056552707369024 ], [ -75.085277769793052, -13.056415110721819 ], [ -75.085418025966263, -13.05627751399807 ], [ -75.086821059422221, -13.056277046937739 ], [ -75.086961314658609, -13.056139449381623 ], [ -75.087101569739744, -13.056001851748986 ], [ -75.088504601577284, -13.056001375568014 ], [ -75.088644855721512, -13.055863777103152 ], [ -75.088785109710514, -13.055726178561802 ], [ -75.089346321804456, -13.055725985354378 ], [ -75.089486575325537, -13.055588386434268 ], [ -75.089626828691394, -13.055450787437669 ], [ -75.089907434422258, -13.055450690075194 ], [ -75.090047687476542, -13.055313090850992 ], [ -75.090187940375614, -13.055175491550314 ], [ -75.090328193119447, -13.055037892173152 ], [ -75.090468445708083, -13.054900292719514 ], [ -75.090608698141509, -13.054762693189403 ], [ -75.090748950419709, -13.054625093582819 ], [ -75.090889202542726, -13.054487493899783 ], [ -75.091029454510519, -13.054349894140262 ], [ -75.091169807176797, -13.054487395175276 ], [ -75.091310159998258, -13.054624896131651 ], [ -75.092432579127518, -13.05462449757739 ], [ -75.092572830312307, -13.054486896987875 ], [ -75.092713081341898, -13.054349296321897 ], [ -75.092853332216265, -13.054211695579474 ], [ -75.092993582935449, -13.054074094760608 ], [ -75.093133833499422, -13.053936493865303 ], [ -75.093274083908199, -13.053798892893564 ], [ -75.093414334161778, -13.053661291845387 ], [ -75.093414230831954, -13.05338619097434 ], [ -75.093554480776334, -13.053248589847918 ], [ -75.093694730565502, -13.053110988645066 ], [ -75.093834980199503, -13.052973387365792 ], [ -75.094115583101782, -13.0529732854581 ], [ -75.09425583242421, -13.052835683951367 ], [ -75.094396081591469, -13.05269808236822 ], [ -75.094676684178594, -13.052697979854186 ], [ -75.094816933034281, -13.052560378043603 ], [ -75.094816408697525, -13.051184873568729 ], [ -75.09495665662817, -13.051047271672767 ], [ -75.09509690440369, -13.050909669700385 ], [ -75.095096799235634, -13.050634568784295 ], [ -75.09523704670201, -13.050496966733727 ], [ -75.095377294013247, -13.050359364606766 ], [ -75.095517541169329, -13.050221762403416 ], [ -75.095798140953804, -13.050221658692605 ], [ -75.09593838779837, -13.050084056261893 ], [ -75.096078634487796, -13.049946453754798 ], [ -75.096218881022068, -13.049808851171344 ], [ -75.096359127401186, -13.049671248511496 ], [ -75.096499373625164, -13.049533645775277 ], [ -75.096499266917775, -13.049258544841321 ], [ -75.096639512832695, -13.049120942026951 ], [ -75.096920111366259, -13.049120837108406 ], [ -75.097060356969678, -13.048983234066721 ], [ -75.097060249646646, -13.048708133125681 ], [ -75.097200494941035, -13.048570530005863 ], [ -75.097340740080298, -13.04843292680969 ], [ -75.097340632451917, -13.048157825859253 ], [ -75.097480877282152, -13.048020222584961 ], [ -75.097621121957275, -13.047882619234315 ], [ -75.097761366477258, -13.047745015807326 ], [ -75.097901610842143, -13.047607412304007 ], [ -75.097901502600706, -13.047332311340675 ], [ -75.098041746656591, -13.047194707759235 ], [ -75.098181990557379, -13.047057104101462 ], [ -75.098322234303041, -13.046919500367352 ], [ -75.098462477893605, -13.046781896556908 ], [ -75.09846182480463, -13.045131290612176 ], [ -75.098602067317003, -13.044993686714879 ], [ -75.098882661179914, -13.044993579701975 ], [ -75.099022903380884, -13.044855975577486 ], [ -75.099163145426758, -13.044718371376682 ], [ -75.101688487265079, -13.044717391860818 ], [ -75.10182872774871, -13.044579786226 ], [ -75.101968968077259, -13.04444218051491 ], [ -75.102249561289298, -13.044442069857698 ], [ -75.102389801306401, -13.0443044639195 ], [ -75.102389688132433, -13.044029362924016 ], [ -75.102529927840678, -13.04389175690784 ], [ -75.102670167393867, -13.043754150815404 ], [ -75.102810406791974, -13.043616544646703 ], [ -75.102950646035026, -13.043478938401744 ], [ -75.103090885123009, -13.043341332080528 ], [ -75.103231124055938, -13.043203725683055 ], [ -75.103371362833798, -13.043066119209334 ], [ -75.104213137770969, -13.043065781801024 ], [ -75.104353375924646, -13.042928174798684 ], [ -75.104493613923282, -13.042790567720084 ], [ -75.104774205250962, -13.042790454340977 ], [ -75.104914442938153, -13.042652847035365 ], [ -75.105054680470289, -13.04251523965352 ], [ -75.105194917847385, -13.042377632195453 ], [ -75.105335155069412, -13.042240024661158 ], [ -75.105475392136412, -13.042102417050645 ], [ -75.105475275572232, -13.041827316035482 ], [ -75.105615512330473, -13.041689708347095 ], [ -75.10575574893366, -13.041552100582479 ], [ -75.105895985381835, -13.041414492741652 ], [ -75.107018344421164, -13.041414031370461 ], [ -75.107158698508002, -13.041551523862202 ], [ -75.107299052749894, -13.041689016275217 ], [ -75.10786023286802, -13.041688783152468 ], [ -75.108000587572306, -13.041826275180172 ], [ -75.108140942431632, -13.041963767129159 ], [ -75.108281297445984, -13.042101258999399 ], [ -75.108421652615405, -13.042238750790897 ], [ -75.109263424616088, -13.042238396987146 ], [ -75.109403659493367, -13.042100787266204 ], [ -75.109543894215605, -13.041963177469095 ], [ -75.109684128782803, -13.041825567595819 ], [ -75.10982436319496, -13.04168795764639 ], [ -75.109964597452063, -13.041550347620777 ], [ -75.110104831554139, -13.041412737519007 ], [ -75.110666010996866, -13.041412498321183 ], [ -75.110806244631036, -13.041274887841851 ], [ -75.110946478110165, -13.041137277286374 ], [ -75.11150765691589, -13.041137036269758 ], [ -75.111647889927099, -13.040999425336759 ], [ -75.111788122783267, -13.040861814327627 ], [ -75.112349300951891, -13.0408615714923 ], [ -75.112489533340138, -13.040723960105684 ], [ -75.112489284738771, -13.040173758139975 ], [ -75.112629516664796, -13.040036146674057 ], [ -75.112769748435809, -13.03989853513202 ], [ -75.112909980051796, -13.039760923513864 ], [ -75.113050211512771, -13.039623311819591 ], [ -75.113190442818734, -13.039485700049207 ], [ -75.113330673969685, -13.039348088202724 ], [ -75.113330548751776, -13.03907298720161 ], [ -75.113470779594152, -13.038935375277426 ], [ -75.113611010281531, -13.03879776327714 ], [ -75.113751240813883, -13.038660151200748 ], [ -75.113891471191252, -13.038522539048261 ], [ -75.113891345361964, -13.038247438035029 ], [ -75.114031575430786, -13.038109825804874 ], [ -75.114171805344597, -13.037972213498625 ], [ -75.114171426952822, -13.037146910414478 ], [ -75.114311656251047, -13.037009298027453 ], [ -75.11445188539426, -13.03687168556433 ], [ -75.114451758962403, -13.03659658452148 ], [ -75.114591987797141, -13.036458971980714 ], [ -75.114732216476895, -13.036321359363871 ], [ -75.11487244500168, -13.036183746670954 ], [ -75.115012673371496, -13.036046133901964 ], [ -75.115011784131568, -13.034120426395067 ], [ -75.11515201127196, -13.033982813539113 ], [ -75.115292238257396, -13.033845200607111 ], [ -75.115291728956635, -13.032744796176706 ], [ -75.115431955173264, -13.03260718316244 ], [ -75.115572181234967, -13.032469570072145 ], [ -75.115572053610165, -13.032194468946859 ], [ -75.115712279363493, -13.03205685577896 ], [ -75.115852504961921, -13.031919242535025 ], [ -75.115992730405409, -13.031781629215054 ], [ -75.116132955693999, -13.031644015819055 ], [ -75.116273180827676, -13.031506402347027 ], [ -75.116413405806455, -13.03136878879897 ], [ -75.116413277263931, -13.031093687658601 ], [ -75.116553501934376, -13.030956074032982 ], [ -75.117114657689299, -13.03095582106064 ], [ -75.117254881892066, -13.030818207058013 ], [ -75.117395105939934, -13.030680592979374 ], [ -75.117675683500181, -13.030680465736594 ], [ -75.117815907236775, -13.030542851431463 ], [ -75.117956130818456, -13.03040523705033 ], [ -75.118096354245253, -13.030267622593197 ], [ -75.118236577517152, -13.030130008060087 ], [ -75.118517154448853, -13.030129879911653 ], [ -75.118657377409477, -13.029992265152057 ], [ -75.118797600215203, -13.029854650316482 ], [ -75.11907817683111, -13.029854521563385 ], [ -75.119218399325561, -13.029716906501362 ], [ -75.119218267703076, -13.029441805353837 ], [ -75.119358489889265, -13.029304190214328 ], [ -75.119498711920571, -13.029166574998845 ], [ -75.11963893379702, -13.029028959707386 ], [ -75.119779155518572, -13.028891344339973 ], [ -75.119779023285659, -13.028616243180608 ], [ -75.119919244698977, -13.028478627735712 ], [ -75.120059465957439, -13.028341012214849 ], [ -75.12005920088734, -13.027790809872654 ], [ -75.120199421684262, -13.02765319427284 ], [ -75.1203396423263, -13.027515578597072 ], [ -75.120339509489156, -13.027240477414232 ], [ -75.120479729823018, -13.027102861661017 ], [ -75.120619950002023, -13.026965245831855 ], [ -75.120619683723589, -13.026415043442741 ], [ -75.120759903441126, -13.026277427534652 ], [ -75.120900123003807, -13.026139811550628 ], [ -75.12089998956256, -13.025864710344342 ], [ -75.121040208817121, -13.025727094282889 ], [ -75.121180427916826, -13.025589478145505 ], [ -75.121320646861705, -13.025451861932206 ], [ -75.12146086565177, -13.025314245642955 ], [ -75.121460731600394, -13.025039144424914 ], [ -75.121600950082325, -13.024901528058264 ], [ -75.121741168409457, -13.02476391161569 ], [ -75.121881386581748, -13.024626295097194 ], [ -75.122161957279644, -13.024626163057869 ], [ -75.122302175140746, -13.024488546313094 ], [ -75.122442392847034, -13.024350929492428 ], [ -75.12258261039851, -13.02421331259584 ], [ -75.122722827795158, -13.02407569562334 ], [ -75.122863045037022, -13.023938078574938 ], [ -75.123003262124058, -13.023800461450632 ], [ -75.123564401634084, -13.023800194657035 ], [ -75.123704618253583, -13.023662577156164 ], [ -75.123844834718255, -13.023524959579404 ], [ -75.123985051028129, -13.023387341926753 ], [ -75.124125267183203, -13.023249724198221 ], [ -75.124265483183464, -13.023112106393825 ], [ -75.124405699028941, -13.022974488513528 ], [ -75.124966836649904, -13.022974218701778 ], [ -75.125107052027829, -13.02283660044499 ], [ -75.125247267250941, -13.022698982112333 ], [ -75.125387482319269, -13.022561363703812 ], [ -75.125527697232812, -13.022423745219427 ], [ -75.125667911991556, -13.02228612665918 ], [ -75.125808126595501, -13.022148508023076 ], [ -75.126088694462936, -13.022148371760094 ], [ -75.126228908755721, -13.022010752897872 ], [ -75.126369122893706, -13.02187313395978 ], [ -75.126509336876921, -13.021735514945838 ], [ -75.126509197293473, -13.021460413704778 ], [ -75.126649410968724, -13.021322794613578 ], [ -75.126789624489192, -13.021185175446531 ], [ -75.126788505486516, -13.018984365285677 ], [ -75.126928717626996, -13.01884674603148 ], [ -75.127068929612747, -13.018709126701465 ], [ -75.127209141443728, -13.018571507295622 ], [ -75.127770269095549, -13.018571231509023 ], [ -75.127910480459079, -13.018433611726943 ], [ -75.12805069166788, -13.018295991869037 ], [ -75.128190902721954, -13.018158371935325 ], [ -75.128331113621272, -13.018020751925809 ], [ -75.129172803198301, -13.018020334167497 ], [ -75.129313013473805, -13.017882713631582 ], [ -75.129453223594567, -13.017745093019885 ], [ -75.129593433560601, -13.017607472332399 ], [ -75.129733643371893, -13.017469851569127 ], [ -75.129873853028485, -13.017332230730094 ], [ -75.130014062530336, -13.017194609815261 ], [ -75.130154271877458, -13.017056988824658 ], [ -75.130294481069882, -13.016919367758279 ], [ -75.131416728789304, -13.016918801693366 ], [ -75.131556937201481, -13.016781179950573 ], [ -75.131697145458944, -13.016643558132026 ], [ -75.131837353561693, -13.016505936237724 ], [ -75.131977561509714, -13.016368314267675 ], [ -75.132538684098364, -13.016368028213552 ], [ -75.132678891578905, -13.016230405867478 ], [ -75.132819098904733, -13.01609278344568 ], [ -75.132959306075861, -13.015955160948135 ], [ -75.133099513092276, -13.015817538374854 ], [ -75.133239719953977, -13.01567991572584 ], [ -75.133239573015359, -13.015404814430275 ], [ -75.133379779569353, -13.015267191704197 ], [ -75.133519985968647, -13.015129568902395 ], [ -75.133660192213256, -13.014991946024887 ], [ -75.134221311667361, -13.014991656361573 ], [ -75.134361517444461, -13.014854033108129 ], [ -75.134501723066904, -13.014716409778972 ], [ -75.134641928534634, -13.014578786374111 ], [ -75.134782133847679, -13.014441162893542 ], [ -75.134922339006039, -13.01430353933727 ], [ -75.135062544009699, -13.014165915705297 ], [ -75.135202748858688, -13.014028291997629 ], [ -75.135342953553007, -13.013890668214259 ], [ -75.135623512023784, -13.013890521726875 ], [ -75.135763716407013, -13.013752897717767 ], [ -75.135903920635556, -13.013615273632951 ], [ -75.136184478790099, -13.013615126542092 ], [ -75.136324682707581, -13.013477502231533 ], [ -75.136464886470364, -13.013339877845299 ], [ -75.136745444308659, -13.013339730150994 ], [ -75.13688564776038, -13.01320210553903 ], [ -75.137025851057416, -13.013064480851396 ], [ -75.137166054199795, -13.012926856088098 ], [ -75.137306257187504, -13.012789231249133 ], [ -75.137586814396698, -13.012789082651333 ], [ -75.137727017073331, -13.012651457586689 ], [ -75.137867219595307, -13.01251383244637 ], [ -75.138007421962612, -13.0123762072304 ], [ -75.138147624175261, -13.012238581938774 ], [ -75.138428180755326, -13.012238432437558 ], [ -75.138568382656885, -13.012100806920269 ], [ -75.138708584403815, -13.011963181327335 ], [ -75.138848785996089, -13.01182555565876 ], [ -75.138988987433692, -13.011687929914547 ], [ -75.139550099331956, -13.011687628802155 ], [ -75.139690300302078, -13.011550002682325 ], [ -75.139830501117558, -13.011412376486852 ], [ -75.140111056748538, -13.011412225175738 ], [ -75.140251257252942, -13.011274598754657 ], [ -75.140110902284562, -13.011137123869032 ], [ -75.139970547470824, -13.010999648904486 ], [ -75.139970238866354, -13.010449446264483 ], [ -75.140110438913936, -13.010311819914005 ], [ -75.14025063880689, -13.010174193487904 ], [ -75.140249556663107, -13.008248484046916 ], [ -75.14038975533154, -13.008110857536431 ], [ -75.140529953845359, -13.007973230950364 ], [ -75.140529644082108, -13.007423028195529 ], [ -75.140669842135679, -13.00728540153135 ], [ -75.14081004003468, -13.00714777479158 ], [ -75.140669687106595, -13.007010300143952 ], [ -75.140529334333095, -13.006872825417428 ], [ -75.140388981714196, -13.006735350611976 ], [ -75.140248629249896, -13.006597875727619 ], [ -75.140108276940154, -13.006460400764357 ], [ -75.139967924785012, -13.006322925722195 ], [ -75.140108122540084, -13.006185299352863 ], [ -75.140669222040685, -13.006184995946846 ], [ -75.140809419328448, -13.006047369202088 ], [ -75.140809264160822, -13.005772267790157 ], [ -75.140949461141219, -13.005634640968589 ], [ -75.141089657967044, -13.005497014071427 ], [ -75.141229854638297, -13.005359387098693 ], [ -75.141370051154979, -13.005221760050388 ], [ -75.14151024751709, -13.005084132926518 ], [ -75.141650443724643, -13.004946505727075 ], [ -75.141649819423193, -13.003846099991375 ], [ -75.141790014865137, -13.003708472711429 ], [ -75.141930210152523, -13.003570845355926 ], [ -75.141929897412339, -13.003020642448227 ], [ -75.141789546218476, -13.002883168344839 ], [ -75.14164919517917, -13.002745694162554 ], [ -75.141649039127131, -13.002470592690798 ], [ -75.141508688398687, -13.00233311842503 ], [ -75.141368337824758, -13.002195644080389 ], [ -75.141368026356744, -13.001645441101088 ], [ -75.141508220733073, -13.00150781396111 ], [ -75.141648414954886, -13.001370186745591 ], [ -75.141648258920782, -13.001095085244755 ], [ -75.141507908973921, -13.000957610956076 ], [ -75.141367559181575, -13.000820136588516 ], [ -75.141367403463676, -13.000545035072681 ], [ -75.141227053982135, -13.000407560621662 ], [ -75.141086704655081, -13.000270086091762 ], [ -75.140946355482555, -13.000132611482988 ], [ -75.14080600646453, -12.999995136795338 ], [ -75.140805541207769, -12.99916983215803 ], [ -75.140945734522219, -12.999032205306561 ], [ -75.141085927682184, -12.998894578379558 ], [ -75.141085772298325, -12.998619476819675 ], [ -75.141225965151122, -12.998481849815898 ], [ -75.141506506235189, -12.998481697145372 ], [ -75.141646698777222, -12.998344069916252 ], [ -75.141786891164784, -12.998206442611604 ], [ -75.14192708339786, -12.998068815231441 ], [ -75.141926927097884, -12.997793713664121 ], [ -75.142067119023807, -12.997656086207208 ], [ -75.142628199313094, -12.997655778765536 ], [ -75.142768390772005, -12.997518150933537 ], [ -75.142908582076444, -12.997380523026022 ], [ -75.143750201545544, -12.997380058692675 ], [ -75.143890392226666, -12.997242430260322 ], [ -75.144030582753331, -12.997104801752482 ], [ -75.144170773125538, -12.996967173169148 ], [ -75.144170614368576, -12.996692071605601 ], [ -75.144310804433673, -12.996554442945582 ], [ -75.144450994344325, -12.9964168142101 ], [ -75.14459118410052, -12.99627918539912 ], [ -75.144731373702257, -12.99614155651267 ], [ -75.14487156314955, -12.99600392755074 ], [ -75.1450117524424, -12.995866298513345 ], [ -75.145151941580792, -12.995728669400478 ], [ -75.145432479524757, -12.995728512522676 ], [ -75.145572668352429, -12.995590883184615 ], [ -75.145712857025643, -12.995453253771085 ], [ -75.145853045544413, -12.995315624282103 ], [ -75.145852884956113, -12.995040522704235 ], [ -75.145993073167858, -12.994902893138613 ], [ -75.146133261225174, -12.994765263497541 ], [ -75.146273449128046, -12.99462763378102 ], [ -75.146413636876503, -12.994490003989055 ], [ -75.14655382447053, -12.994352374121645 ], [ -75.148517579059941, -12.994351259136353 ], [ -75.148657929071234, -12.994488729706207 ], [ -75.148798279236956, -12.99462620019713 ], [ -75.151042572410944, -12.994624905304581 ], [ -75.151182757502042, -12.994487272968032 ], [ -75.151322942438725, -12.994349640556093 ], [ -75.152164551377936, -12.994349149076012 ], [ -75.152304735691132, -12.994211516139766 ], [ -75.152444919849913, -12.994073883128166 ], [ -75.152585271840152, -12.994211351557695 ], [ -75.152725623984821, -12.994348819908263 ], [ -75.152865976283906, -12.994486288179857 ], [ -75.153006328737433, -12.994623756372471 ], [ -75.153286865340064, -12.994623591027796 ], [ -75.153427049180294, -12.994485957494129 ], [ -75.153426880263979, -12.994210855994263 ], [ -75.153567063797311, -12.994073222384158 ], [ -75.153847599774451, -12.994073056440991 ], [ -75.153987782996978, -12.993935422605894 ], [ -75.15412796606509, -12.993797788695453 ], [ -75.154408501725584, -12.993797622150202 ], [ -75.154548684482904, -12.993659988014805 ], [ -75.154688867085795, -12.993522353804066 ], [ -75.154829049534285, -12.993384719517987 ], [ -75.154828367778194, -12.992284313463426 ], [ -75.154968549462467, -12.992146679097699 ], [ -75.155108730992353, -12.992009044656646 ], [ -75.155108218801885, -12.991183740048204 ], [ -75.155248399720094, -12.991046105528604 ], [ -75.15538858048393, -12.990908470933684 ], [ -75.155528761093379, -12.990770836263447 ], [ -75.155668941548427, -12.990633201517902 ], [ -75.155809121849117, -12.990495566697064 ], [ -75.156089653780455, -12.990495398378881 ], [ -75.156229833770411, -12.99035776333317 ], [ -75.156370013605979, -12.99022012821216 ], [ -75.156510193287176, -12.99008249301585 ], [ -75.156650372814013, -12.989944857744243 ], [ -75.156790552186479, -12.989807222397342 ], [ -75.156930731404557, -12.989669586975149 ], [ -75.157070910468292, -12.989531951477666 ], [ -75.15707056475263, -12.988981748358162 ], [ -75.157210743357254, -12.988844112783294 ], [ -75.157350921807506, -12.988706477133141 ], [ -75.157491100103414, -12.988568841407712 ], [ -75.157631278244963, -12.988431205607007 ], [ -75.157771456232169, -12.988293569731045 ], [ -75.157911634065016, -12.988155933779794 ], [ -75.158051811743533, -12.988018297753277 ], [ -75.158191989267678, -12.987880661651491 ], [ -75.158332166637507, -12.987743025474444 ], [ -75.158472343852964, -12.987605389222137 ], [ -75.158612520914104, -12.987467752894567 ], [ -75.158893049409713, -12.987467581589859 ], [ -75.159033226160162, -12.987329945037565 ], [ -75.159173402756267, -12.987192308410012 ], [ -75.159313579198042, -12.987054671707236 ], [ -75.15917322761527, -12.986917206831786 ], [ -75.159032876186828, -12.986779741877323 ], [ -75.158892524912716, -12.986642276843861 ], [ -75.158752173792934, -12.986504811731395 ], [ -75.158751999125002, -12.98622971013298 ], [ -75.158611648315869, -12.986092244936733 ], [ -75.158471297661066, -12.98595477966151 ], [ -75.158470948962545, -12.985404576428122 ], [ -75.158330598774697, -12.98526711106433 ], [ -75.158190248741164, -12.985129645621555 ], [ -75.158049898861947, -12.984992180099795 ], [ -75.157909549137017, -12.984854714499054 ], [ -75.157908680587013, -12.983479206218391 ], [ -75.157768331797868, -12.983341740514817 ], [ -75.157487807915587, -12.983341910552831 ], [ -75.157347459433012, -12.983204444617122 ], [ -75.15734676714942, -12.982104037834929 ], [ -75.157486941789713, -12.981966402084387 ], [ -75.157627116275719, -12.981828766258602 ], [ -75.157767290607481, -12.981691130357589 ], [ -75.15832833465744, -12.981690789418552 ], [ -75.158468508522404, -12.981553153143476 ], [ -75.158608682233094, -12.981415516793181 ], [ -75.158748855789526, -12.981277880367687 ], [ -75.158748506610451, -12.980727676944186 ], [ -75.158888679708127, -12.980590040441399 ], [ -75.159028852651574, -12.980452403863401 ], [ -75.159169025440761, -12.980314767210192 ], [ -75.159309198075718, -12.980177130481779 ], [ -75.159309022883278, -12.979902028757229 ], [ -75.159449195211749, -12.979764391952592 ], [ -75.15958936738599, -12.979626755072754 ], [ -75.159589191893147, -12.979351653340329 ], [ -75.159448844534538, -12.979214188483978 ], [ -75.159308497330159, -12.979076723548658 ], [ -75.15916815028001, -12.978939258534396 ], [ -75.158887631354006, -12.978939430025322 ], [ -75.1587472846103, -12.97880196477896 ], [ -75.158606938020824, -12.978664499453643 ], [ -75.158466591585565, -12.978527034049378 ], [ -75.158326245304536, -12.978389568566168 ], [ -75.158185899177724, -12.97825210300401 ], [ -75.158045553205127, -12.978114637362912 ], [ -75.157905207386762, -12.977977171642872 ], [ -75.158045379430902, -12.977839535577912 ], [ -75.158185551320813, -12.977701899437731 ], [ -75.158185203479931, -12.977151695848198 ], [ -75.158325374911243, -12.977014059630747 ], [ -75.158605891686264, -12.977013888771031 ], [ -75.158746062807154, -12.97687625232903 ], [ -75.158886233773828, -12.97673861581184 ], [ -75.159026404586314, -12.97660097921948 ], [ -75.159166575244598, -12.976463342551918 ], [ -75.159306745748694, -12.976325705809172 ], [ -75.159306395480812, -12.975775502191556 ], [ -75.159446565526366, -12.97563786537159 ], [ -75.159586735417719, -12.975500228476465 ], [ -75.159726905154912, -12.975362591506155 ], [ -75.159867074737917, -12.975224954460677 ], [ -75.159866899001372, -12.97494985263908 ], [ -75.160007068278034, -12.974812215517419 ], [ -75.160147237400523, -12.974674578320595 ], [ -75.160287406368852, -12.974536941048614 ], [ -75.160567920340227, -12.974536768105835 ], [ -75.160708088998177, -12.974399130609397 ], [ -75.160848257501939, -12.974261493037821 ], [ -75.160988425851542, -12.974123855391085 ], [ -75.16098807194831, -12.973573651725941 ], [ -75.161128239839513, -12.973436014002052 ], [ -75.161268407576543, -12.973298376203026 ], [ -75.161267698602103, -12.972197968795061 ], [ -75.161407865576578, -12.972060330916902 ], [ -75.161688376756857, -12.972060156798902 ], [ -75.161828543420995, -12.971922518696378 ], [ -75.161968709930989, -12.97178488051871 ], [ -75.162249220794806, -12.97178470579987 ], [ -75.162389386994477, -12.971647067397839 ], [ -75.162389208536183, -12.971371965535006 ], [ -75.162529374429653, -12.971234327056877 ], [ -75.162669540168977, -12.971096688503636 ], [ -75.162669003906402, -12.970271382874408 ], [ -75.162809169035427, -12.970133744243119 ], [ -75.162949334010335, -12.969996105536724 ], [ -75.163089498831141, -12.969858466755237 ], [ -75.163229663497845, -12.969720827898653 ], [ -75.163369828010417, -12.969583188966993 ], [ -75.163509992368887, -12.969445549960225 ], [ -75.163509812710657, -12.96917044806634 ], [ -75.163649976763011, -12.969032808983517 ], [ -75.163790140661249, -12.968895169825606 ], [ -75.163930304405383, -12.968757530592613 ], [ -75.164210811849713, -12.968757353800124 ], [ -75.164350975283583, -12.968619714342866 ], [ -75.164491138563363, -12.968482074810556 ], [ -75.164631301689028, -12.968344435203159 ], [ -75.164771464660618, -12.968206795520688 ], [ -75.165051971476089, -12.968206617829228 ], [ -75.165192134137413, -12.968068977922524 ], [ -75.16533229664465, -12.967931337940762 ], [ -75.165472458997797, -12.967793697883943 ], [ -75.165472277207257, -12.967518595982426 ], [ -75.165612439254332, -12.96738095584961 ], [ -75.165752601147332, -12.967243315641753 ], [ -75.165752419057014, -12.966968213732542 ], [ -75.16589258064397, -12.966830573448679 ], [ -75.166032742076837, -12.966692933089769 ], [ -75.166032559686784, -12.966417831172867 ], [ -75.16617272081362, -12.966280190737983 ], [ -75.166312881786396, -12.966142550228074 ], [ -75.166453042605113, -12.966004909643116 ], [ -75.166593203269755, -12.965867268983125 ], [ -75.166733363780338, -12.965729628248106 ], [ -75.167013867793088, -12.965729448476438 ], [ -75.167154027993448, -12.965591807517272 ], [ -75.167294188039762, -12.96545416648309 ], [ -75.167434347932002, -12.965316525373883 ], [ -75.167433980117167, -12.964766321515638 ], [ -75.167574139551519, -12.96462868032957 ], [ -75.167854642319142, -12.964628499667208 ], [ -75.167994801443285, -12.964490858257037 ], [ -75.168134960413383, -12.96435321677186 ], [ -75.168275119229435, -12.964215575211682 ], [ -75.168415277891441, -12.964077933576505 ], [ -75.168555436399416, -12.963940291866329 ], [ -75.168695594753373, -12.963802650081179 ], [ -75.168835752953285, -12.963665008221019 ], [ -75.168975910999166, -12.963527366285868 ], [ -75.169116068891014, -12.963389724275732 ], [ -75.169115697438954, -12.96283952038392 ], [ -75.169255854873029, -12.962701878297009 ], [ -75.169396012153058, -12.962564236135103 ], [ -75.169395268085381, -12.961463828274635 ], [ -75.169535424603964, -12.961326186034155 ], [ -75.16967558096853, -12.961188543718709 ], [ -75.169815737179107, -12.961050901328292 ], [ -75.169955893235681, -12.960913258862922 ], [ -75.170096049138266, -12.960775616322588 ], [ -75.170236204886848, -12.960637973707298 ], [ -75.170376360481455, -12.960500331017055 ], [ -75.17051651592206, -12.960362688251873 ], [ -75.170656671208675, -12.960225045411731 ], [ -75.170937169000695, -12.96022486149023 ], [ -75.171077323977187, -12.960087218426134 ], [ -75.171217478799676, -12.959949575287094 ], [ -75.171497976275063, -12.959949390765548 ], [ -75.171638130787414, -12.959811747402576 ], [ -75.171778285145805, -12.959674103964669 ], [ -75.171918439350208, -12.959536460451837 ], [ -75.172058593400635, -12.959398816864077 ], [ -75.172198747297074, -12.959261173201387 ], [ -75.172338901039566, -12.959123529463795 ], [ -75.172479054628056, -12.958985885651263 ], [ -75.172478486576424, -12.95816057967158 ], [ -75.172618639555637, -12.95802293578156 ], [ -75.172758792380876, -12.957885291816615 ], [ -75.17289894505214, -12.95774764777676 ], [ -75.173039097569472, -12.957610003662001 ], [ -75.173179249932844, -12.957472359472339 ], [ -75.173319402142269, -12.957334715207779 ], [ -75.173459554197748, -12.95719707086832 ], [ -75.173599706099267, -12.957059426453966 ], [ -75.173739857846854, -12.95692178196472 ], [ -75.173880009440495, -12.956784137400598 ], [ -75.173879818581099, -12.956509035387214 ], [ -75.174019969869065, -12.956371390747345 ], [ -75.174160121003084, -12.956233746032591 ], [ -75.174159356395776, -12.955133337914317 ], [ -75.174299506768975, -12.954995693121313 ], [ -75.174579998653982, -12.954995505351487 ], [ -75.174720340473613, -12.955132962370545 ], [ -75.174860682447161, -12.95527041931061 ], [ -75.17514117463115, -12.955270230932802 ], [ -75.175281516910346, -12.955407687640832 ], [ -75.175421859343444, -12.955545144269861 ], [ -75.17598284430494, -12.955544765996304 ], [ -75.176122993890786, -12.955407120236723 ], [ -75.176263143322714, -12.955269474402295 ], [ -75.176403486208685, -12.955406930498157 ], [ -75.176543829248587, -12.955544386515005 ], [ -75.176824321713738, -12.955544196321453 ], [ -75.176964665059245, -12.955681652106223 ], [ -75.177105008558684, -12.95581910781195 ], [ -75.177245352212068, -12.95595656343867 ], [ -75.177385696019371, -12.956094018986354 ], [ -75.177946682149667, -12.956093636468911 ], [ -75.178087026414275, -12.956231091631414 ], [ -75.178227370832815, -12.956368546714875 ], [ -75.178507864194572, -12.956368354697068 ], [ -75.178648208918716, -12.9565058095484 ], [ -75.178788553796821, -12.956643264320682 ], [ -75.178928898828858, -12.95678071901391 ], [ -75.179069244014826, -12.956918173628068 ], [ -75.179209589354755, -12.957055628163181 ], [ -75.179349934848616, -12.957193082619236 ], [ -75.179910923378628, -12.957192695840556 ], [ -75.180051269329795, -12.95733014991133 ], [ -75.180191615434893, -12.957467603903027 ], [ -75.181313593653513, -12.957466825496988 ], [ -75.1814537413333, -12.95732917691446 ], [ -75.18159388885914, -12.957191528257127 ], [ -75.18173403623102, -12.957053879524993 ], [ -75.181874183448969, -12.956916230718068 ], [ -75.182014330512985, -12.956778581836362 ], [ -75.18215447742304, -12.95664093287985 ], [ -75.18229462417915, -12.956503283848546 ], [ -75.182434770781327, -12.956365634742458 ], [ -75.182574917229587, -12.956227985561586 ], [ -75.182574516445385, -12.955677781766902 ], [ -75.182714662436453, -12.955540132509764 ], [ -75.182854808273603, -12.955402483177846 ], [ -75.182853804877936, -12.954026973582179 ], [ -75.182993949803176, -12.953889324171794 ], [ -75.183134094574498, -12.953751674686645 ], [ -75.183133692642315, -12.953201470804832 ], [ -75.183273836956573, -12.953063821243452 ], [ -75.183413981116956, -12.952926171607317 ], [ -75.183413578597012, -12.95237596769935 ], [ -75.18355372230036, -12.952238317987018 ], [ -75.183693865849833, -12.95210066819992 ], [ -75.18383400924543, -12.951963018338082 ], [ -75.183974152487139, -12.951825368401503 ], [ -75.183973950627916, -12.951550266435898 ], [ -75.18411409356419, -12.951412616423859 ], [ -75.184254236346618, -12.951274966337081 ], [ -75.184254034188967, -12.950999864364245 ], [ -75.18439417666599, -12.950862214202017 ], [ -75.18467466377065, -12.950862015628392 ], [ -75.184814805937592, -12.950724365242703 ], [ -75.184954947950658, -12.950586714782297 ], [ -75.185095089809877, -12.95044906424717 ], [ -75.185235231515236, -12.950311413637328 ], [ -75.185796204460885, -12.950311014394854 ], [ -75.185936345699972, -12.950173363412876 ], [ -75.186076486785197, -12.950035712356192 ], [ -75.186216627716576, -12.94989806122482 ], [ -75.186356768494107, -12.949760410018735 ], [ -75.186637254335025, -12.949760209349982 ], [ -75.18677739480249, -12.949622557920504 ], [ -75.186917535116095, -12.949484906416336 ], [ -75.187198020639869, -12.949484705148411 ], [ -75.187338160643435, -12.949347053420869 ], [ -75.187478300493126, -12.949209401618646 ], [ -75.187758785699728, -12.949209199751575 ], [ -75.187898925239381, -12.949071547726 ], [ -75.188039064625173, -12.948933895625746 ], [ -75.188880519279053, -12.948933287321847 ], [ -75.189020658042352, -12.948795634700941 ], [ -75.189160796651791, -12.948657982005395 ], [ -75.1894412812144, -12.948657778336575 ], [ -75.189581419513772, -12.948520125417707 ], [ -75.189721557659325, -12.948382472424191 ], [ -75.189861695651018, -12.948244819356022 ], [ -75.18972134955122, -12.948107370476594 ], [ -75.189581003605269, -12.947969921518041 ], [ -75.189580795658188, -12.947694819559509 ], [ -75.189720933349449, -12.947557166564028 ], [ -75.190001416671834, -12.947556962309612 ], [ -75.190141554053042, -12.947419309090845 ], [ -75.190281691280433, -12.947281655797442 ], [ -75.190421828354005, -12.947144002429399 ], [ -75.190561965273758, -12.947006348986731 ], [ -75.190702311202884, -12.947143797427382 ], [ -75.190842657285827, -12.947281245788902 ], [ -75.191123140281277, -12.94728104033203 ], [ -75.191263276886147, -12.947143386518146 ], [ -75.191403413337213, -12.947005732629645 ], [ -75.191964378688624, -12.947005320216279 ], [ -75.192104514673389, -12.946867665955955 ], [ -75.19224465050435, -12.946730011621021 ], [ -75.193086097557511, -12.946729389846475 ], [ -75.193226232765909, -12.946591734991181 ], [ -75.193225808926641, -12.94604153112793 ], [ -75.193365943678501, -12.945903876196811 ], [ -75.193506078276556, -12.945766221191098 ], [ -75.193504380693724, -12.943565405496342 ], [ -75.193644513927325, -12.943427750411153 ], [ -75.193784647007121, -12.943290095251383 ], [ -75.193783797122776, -12.942189687260008 ], [ -75.193923929443599, -12.942052032023241 ], [ -75.194064061610689, -12.941914376711912 ], [ -75.194062572383928, -12.939988662495372 ], [ -75.194202703338306, -12.939851007105256 ], [ -75.194342834138951, -12.939713351640597 ], [ -75.194482964785877, -12.939575696101393 ], [ -75.194623095279084, -12.939438040487669 ], [ -75.194622668619871, -12.938887836368824 ], [ -75.194762798656868, -12.938750180679351 ], [ -75.194902928540145, -12.938612524915346 ], [ -75.195043058269718, -12.938474869076817 ], [ -75.195183187845601, -12.938337213163761 ], [ -75.195182973918421, -12.938062111093283 ], [ -75.195323103189367, -12.937924455105108 ], [ -75.195463232306608, -12.937786799042419 ], [ -75.195463018081924, -12.937511696964954 ], [ -75.195603146894243, -12.937374040827157 ], [ -75.195743275552886, -12.937236384614854 ], [ -75.195743061030726, -12.936961282530437 ], [ -75.19588318938446, -12.936823626243038 ], [ -75.196023317584519, -12.936685969881134 ], [ -75.196023102764912, -12.936410867789737 ], [ -75.196163230660076, -12.936273211352752 ], [ -75.196303358401579, -12.936135554841266 ], [ -75.196303143284538, -12.935860452742936 ], [ -75.196443270721176, -12.935722796156375 ], [ -75.196583398004151, -12.935585139495323 ], [ -75.19658318258972, -12.935310037390032 ], [ -75.196723309567844, -12.935172380653919 ], [ -75.196863436392306, -12.935034723843316 ], [ -75.197003563063106, -12.934897066958232 ], [ -75.197143689580244, -12.934759409998687 ], [ -75.197283815943734, -12.934621752964643 ], [ -75.197423942153563, -12.93448409585613 ], [ -75.197564068209743, -12.934346438673138 ], [ -75.197704194112276, -12.934208781415677 ], [ -75.197844319861147, -12.934071124083749 ], [ -75.198124787975132, -12.934070911308009 ], [ -75.198264913414206, -12.933933253753246 ], [ -75.198405038699633, -12.933795596124025 ], [ -75.198545163831426, -12.933657938420344 ], [ -75.198685288809557, -12.933520280642229 ], [ -75.198825413634069, -12.933382622789644 ], [ -75.198965538304932, -12.933244964862606 ], [ -75.199105662822149, -12.933107306861125 ], [ -75.199245787185745, -12.932969648785201 ], [ -75.199385911395694, -12.932831990634831 ], [ -75.199384600847665, -12.931181377849311 ], [ -75.199524723997413, -12.931043719621261 ], [ -75.199664846993542, -12.930906061318787 ], [ -75.199664628284367, -12.930630959166511 ], [ -75.199804750975815, -12.930493300789079 ], [ -75.199944873513672, -12.93035564233722 ], [ -75.19994334057607, -12.9284299271017 ], [ -75.200083461902921, -12.928292268571694 ], [ -75.200223583076195, -12.928154609967285 ], [ -75.200363704095921, -12.928016951288477 ], [ -75.200503824962055, -12.927879292535273 ], [ -75.20050360538707, -12.927604190333499 ], [ -75.200643725948623, -12.927466531505369 ], [ -75.2007838463566, -12.927328872602848 ], [ -75.200643506227664, -12.927191429297261 ], [ -75.20050316625229, -12.927053985912547 ], [ -75.200502946692524, -12.926778883693389 ], [ -75.200643066801021, -12.926641224863697 ], [ -75.200783186755942, -12.926503565959603 ], [ -75.200782966899226, -12.926228463733606 ], [ -75.200923086549594, -12.926090804754605 ], [ -75.201063206046427, -12.925953145701225 ], [ -75.201062985892804, -12.925678043468393 ], [ -75.201203105085085, -12.925540384340117 ], [ -75.201343224123832, -12.925402725137483 ], [ -75.201483343009059, -12.925265065860462 ], [ -75.201623461740752, -12.925127406509072 ], [ -75.201623240988241, -12.924852304268388 ], [ -75.201763359415423, -12.924714644842117 ], [ -75.201903477689072, -12.924576985341487 ], [ -75.202043595809187, -12.924439325766498 ], [ -75.202183713775796, -12.924301666117168 ], [ -75.202323831588856, -12.924164006393468 ], [ -75.202463949248411, -12.924026346595413 ], [ -75.202604066754461, -12.923888686723012 ], [ -75.202744184106976, -12.923751026776262 ], [ -75.202884301305986, -12.923613366755168 ], [ -75.203024418351475, -12.92347570665973 ], [ -75.203024196094489, -12.923200604408214 ], [ -75.20316431283554, -12.923062944237959 ], [ -75.203444768566897, -12.923062725927416 ], [ -75.203584884998364, -12.922925065534637 ], [ -75.203725001276325, -12.922787405067531 ], [ -75.203865117400767, -12.922649744526097 ], [ -75.204005233371731, -12.922512083910336 ], [ -75.204285688473604, -12.922511864705982 ], [ -75.204425804134985, -12.922374203867747 ], [ -75.20456591964286, -12.922236542955194 ], [ -75.204706259075621, -12.922373984214106 ], [ -75.204846598661874, -12.922511425393862 ], [ -75.204986938401632, -12.922648866494475 ], [ -75.205127278294881, -12.922786307515929 ], [ -75.207651376600694, -12.922784312950935 ], [ -75.207791490539677, -12.922646650335526 ], [ -75.207931604325182, -12.922508987645836 ], [ -75.208071717957168, -12.922371324881874 ], [ -75.208211831435662, -12.92223366204364 ], [ -75.20989455965605, -12.922232315227674 ], [ -75.210034901955396, -12.922369753579298 ], [ -75.210175244408248, -12.922507191851711 ], [ -75.210315587014591, -12.922644630044914 ], [ -75.210455929774426, -12.922782068158893 ], [ -75.211016840345494, -12.922781615586755 ], [ -75.211157183560502, -12.922919053315395 ], [ -75.21129752692903, -12.923056490964807 ], [ -75.211577982508217, -12.923056263920882 ], [ -75.211718094411879, -12.922918599232538 ], [ -75.211858206162034, -12.922780934469968 ], [ -75.211998317758685, -12.922643269633163 ], [ -75.21199808569321, -12.922368167521144 ], [ -75.212138196985549, -12.92223050260972 ], [ -75.212418651627658, -12.922230274677387 ], [ -75.212558762610328, -12.922092609543686 ], [ -75.21255806462031, -12.92126730318564 ], [ -75.212698174997101, -12.921129637976572 ], [ -75.2128382852204, -12.920991972693292 ], [ -75.212978395290222, -12.920854307335805 ], [ -75.21311850520658, -12.920716641904125 ], [ -75.213118271950847, -12.920441539771677 ], [ -75.213258381562952, -12.920303874265405 ], [ -75.213398491021579, -12.920166208684934 ], [ -75.213538600326729, -12.920028543030266 ], [ -75.21367870947843, -12.919890877301407 ], [ -75.21367800793449, -12.919065570864875 ], [ -75.213818116480454, -12.918927905060714 ], [ -75.213958224872954, -12.918790239182369 ], [ -75.213957288350812, -12.917689830516368 ], [ -75.214097395986926, -12.917552164562379 ], [ -75.214237503469619, -12.917414498534221 ], [ -75.214377610798863, -12.917276832431909 ], [ -75.214517717974701, -12.917139166255414 ], [ -75.21465782499709, -12.917001500004755 ], [ -75.214797931866059, -12.91686383367993 ], [ -75.214938038581607, -12.916726167280947 ], [ -75.215078145143735, -12.916588500807809 ], [ -75.215077909821019, -12.916313398623961 ], [ -75.215218016079021, -12.916175732076335 ], [ -75.215358122183602, -12.916038065454535 ], [ -75.215357886564945, -12.9157629632642 ], [ -75.215217545148533, -12.915625527690578 ], [ -75.215077203885528, -12.915488092037725 ], [ -75.215076497999021, -12.914662785399424 ], [ -75.214936157357798, -12.914525349651043 ], [ -75.214795816869952, -12.914387913823447 ], [ -75.214655476535512, -12.914250477916628 ], [ -75.21451513635445, -12.914113041930596 ], [ -75.214374796326794, -12.913975605865346 ], [ -75.21423445645253, -12.913838169720906 ], [ -75.214233987761972, -12.913287965201301 ], [ -75.214374092830823, -12.91315029909355 ], [ -75.214934981769645, -12.913149838444333 ], [ -75.215075086372934, -12.913012171966608 ], [ -75.215215190822832, -12.912874505414742 ], [ -75.215495634971887, -12.912874274342938 ], [ -75.215635739112329, -12.912736607569039 ], [ -75.215775843099408, -12.912598940721031 ], [ -75.215915946933094, -12.912461273798881 ], [ -75.215914766181257, -12.911085762464314 ], [ -75.216054869108461, -12.910948095466342 ], [ -75.216194971882302, -12.91081042839426 ], [ -75.21619473544709, -12.910535326109313 ], [ -75.216334837916989, -12.910397658962804 ], [ -75.216474940233525, -12.910259991742176 ], [ -75.216615042396739, -12.910122324447453 ], [ -75.216895483451339, -12.910122091922327 ], [ -75.217035822649422, -12.910259526686811 ], [ -75.217176162000854, -12.910396961372072 ], [ -75.217456603351152, -12.910396728240137 ], [ -75.217596943006498, -12.910534162693171 ], [ -75.217737282815207, -12.910671597066992 ], [ -75.218298166101661, -12.910671129288597 ], [ -75.218438267476145, -12.9105334610333 ], [ -75.218578368697294, -12.910395792703943 ], [ -75.218718469765093, -12.910258124300494 ], [ -75.218858570679558, -12.910120455822977 ], [ -75.218998671440673, -12.909982787271383 ], [ -75.21899819247524, -12.909432582763804 ], [ -75.219138292781892, -12.909294914137535 ], [ -75.219278392935237, -12.909157245437223 ], [ -75.219418492935262, -12.909019576662828 ], [ -75.219558592781937, -12.908881907814383 ], [ -75.219698692475305, -12.908744238891881 ], [ -75.219838792015352, -12.908606569895325 ], [ -75.219978891402079, -12.908468900824722 ], [ -75.220118990635484, -12.908331231680069 ], [ -75.220259089715583, -12.908193562461372 ], [ -75.220399188642361, -12.908055893168653 ], [ -75.220539287415832, -12.907918223801875 ], [ -75.220679386035997, -12.907780554361061 ], [ -75.220819484502854, -12.907642884846211 ], [ -75.220959582816391, -12.907505215257325 ], [ -75.221099680976621, -12.907367545594415 ], [ -75.221239778983573, -12.907229875857473 ], [ -75.221379876837204, -12.907092206046512 ], [ -75.221519974537543, -12.906954536161525 ], [ -75.221660072084589, -12.906816866202535 ], [ -75.221940509359726, -12.906816628325188 ], [ -75.222080606597387, -12.906678958144409 ], [ -75.222220703681728, -12.906541287889617 ], [ -75.222360800612776, -12.906403617560814 ], [ -75.22250089739056, -12.906265947158003 ], [ -75.222781334035659, -12.906265708388901 ], [ -75.222921430504044, -12.906128037764345 ], [ -75.223061526819137, -12.905990367065794 ], [ -75.223201622980937, -12.905852696293246 ], [ -75.22334171898946, -12.905715025446721 ], [ -75.223622155004492, -12.905714785785939 ], [ -75.223762250703629, -12.905577114717683 ], [ -75.223762006095342, -12.905302012463165 ], [ -75.223902101490751, -12.905164341320679 ], [ -75.224182536881358, -12.905164101069017 ], [ -75.224322631967382, -12.905026429704835 ], [ -75.224462726900143, -12.904888758266681 ], [ -75.225023597039893, -12.904888276270377 ], [ -75.225163691507134, -12.904750604462853 ], [ -75.225303785821126, -12.904612932581358 ], [ -75.225443879981853, -12.904475260625922 ], [ -75.225583973989288, -12.904337588596514 ], [ -75.225864408426162, -12.904337346556533 ], [ -75.226004502124241, -12.904199674305485 ], [ -75.226003514029927, -12.903099265307107 ], [ -75.226143606973167, -12.90296159298123 ], [ -75.226424039866046, -12.902961350366578 ], [ -75.226564132499931, -12.902823677819102 ], [ -75.226704224980566, -12.902686005197687 ], [ -75.226984657555505, -12.902685761987062 ], [ -75.227124749726798, -12.902548089144068 ], [ -75.227264841744827, -12.902410416227147 ], [ -75.227545274001798, -12.902410172420577 ], [ -75.227685365710485, -12.902272499282097 ], [ -75.227825457265936, -12.902134826069709 ], [ -75.228105889204912, -12.902134581667216 ], [ -75.228245980451007, -12.901996908233274 ], [ -75.228386071543881, -12.901859234725416 ], [ -75.228666503164831, -12.901858989727032 ], [ -75.228806593948349, -12.901721315997651 ], [ -75.228946684578631, -12.901583642194366 ], [ -75.229227115881557, -12.901583396600119 ], [ -75.229367206202483, -12.901445722575327 ], [ -75.229507296370187, -12.90130804847664 ], [ -75.22964738638467, -12.901170374304066 ], [ -75.229787476245932, -12.901032700057618 ], [ -75.229927565953957, -12.900895025737269 ], [ -75.230067655508776, -12.900757351343032 ], [ -75.230207744910373, -12.900619676874918 ], [ -75.230347834158763, -12.900482002332929 ], [ -75.230487923253932, -12.900344327717058 ], [ -75.230628012195893, -12.900206653027317 ], [ -75.230768100984648, -12.900068978263702 ], [ -75.23090818962018, -12.899931303426222 ], [ -75.23104827810252, -12.899793628514892 ], [ -75.23104802564653, -12.899518526278648 ], [ -75.231188113825382, -12.899380851293275 ], [ -75.231328201851042, -12.899243176234046 ], [ -75.231327949100347, -12.898968073991702 ], [ -75.231468036822534, -12.898830398858459 ], [ -75.231608124391514, -12.898692723651381 ], [ -75.23160761830664, -12.898142519148729 ], [ -75.231747705421938, -12.898004843867477 ], [ -75.231887792384057, -12.897867168512382 ], [ -75.232027879192984, -12.897729493083446 ], [ -75.232167965848731, -12.897591817580683 ], [ -75.232308052351314, -12.897454142004072 ], [ -75.232448138700704, -12.897316466353624 ], [ -75.23244788476562, -12.897041364092736 ], [ -75.232587970811608, -12.896903688368317 ], [ -75.232728056704445, -12.896766012570065 ], [ -75.232868142444119, -12.896628336697992 ], [ -75.233428993850339, -12.896627836989422 ], [ -75.233569079124607, -12.896490160748522 ], [ -75.233709164245724, -12.896352484433827 ], [ -75.233989589627754, -12.896352233833786 ], [ -75.234129674439586, -12.896214557297775 ], [ -75.234269759098268, -12.896076880687955 ], [ -75.234409843603785, -12.895939204004332 ], [ -75.234549927956166, -12.895801527246913 ], [ -75.235110777453457, -12.895801023965477 ], [ -75.235250861340432, -12.895663346839314 ], [ -75.235390945074244, -12.895525669639371 ], [ -75.235531028654918, -12.895387992365633 ], [ -75.235671112082443, -12.895250315018131 ], [ -75.235811195356817, -12.895112637596835 ], [ -75.235810680235815, -12.894562433109558 ], [ -75.235950763056735, -12.894424755614274 ], [ -75.236090845724519, -12.894287078045215 ], [ -75.236090587872667, -12.894011975792722 ], [ -75.235950247659289, -12.893874551103698 ], [ -75.235809907599048, -12.893737126335328 ], [ -75.235808619990394, -12.892361614929396 ], [ -75.235948701610198, -12.89222393743329 ], [ -75.236088783076895, -12.892086259863424 ], [ -75.236228864390483, -12.891948582219806 ], [ -75.236368945550993, -12.891810904502426 ], [ -75.236368429348332, -12.891260699898828 ], [ -75.236508510055515, -12.891123022107509 ], [ -75.236648590609605, -12.890985344242445 ], [ -75.236648332217044, -12.890710241931783 ], [ -75.236788412467945, -12.890572563992901 ], [ -75.236928492565767, -12.890434885980261 ], [ -75.236928233879013, -12.890159783663641 ], [ -75.23706831367366, -12.890022105577174 ], [ -75.237208393315214, -12.889884427416977 ], [ -75.237348472803717, -12.88974674918305 ], [ -75.237488552139126, -12.889609070875395 ], [ -75.237488292858075, -12.88933396855267 ], [ -75.237628371890352, -12.889196290171208 ], [ -75.237768450769565, -12.889058611716026 ], [ -75.237768191194391, -12.888783509387343 ], [ -75.237908269770472, -12.888645830858366 ], [ -75.238048348193502, -12.888508152255671 ], [ -75.238188426463481, -12.88837047357927 ], [ -75.238328504580394, -12.888232794829168 ], [ -75.238468582544243, -12.888095116005349 ], [ -75.238608660355041, -12.887957437107824 ], [ -75.238607618513583, -12.886857027733582 ], [ -75.23846728100763, -12.886719604273456 ], [ -75.238186866437999, -12.886719859484559 ], [ -75.23804678906825, -12.886857538161413 ], [ -75.237906711545463, -12.886995216764568 ], [ -75.237345881763972, -12.886995725696632 ], [ -75.237205544855129, -12.886858301551088 ], [ -75.237065208099338, -12.886720877326232 ], [ -75.236924871496583, -12.886583453022064 ], [ -75.236924612893716, -12.886308350624594 ], [ -75.236784276600005, -12.886170926235428 ], [ -75.236503862606469, -12.886171179633708 ], [ -75.236363526615833, -12.886033755012319 ], [ -75.236223190778219, -12.885896330311645 ], [ -75.235662363373393, -12.88589683559576 ], [ -75.235522027988893, -12.88575941050995 ], [ -75.235521513885516, -12.885209205618795 ], [ -75.235381178966023, -12.88507178044236 ], [ -75.235240844199552, -12.884934355186644 ], [ -75.23510050958609, -12.884796929851673 ], [ -75.23496017512565, -12.884659504437399 ], [ -75.234819840818218, -12.884522078943855 ], [ -75.234679506663781, -12.884384653371036 ], [ -75.234539172662352, -12.884247227718951 ], [ -75.234398838813931, -12.884109801987599 ], [ -75.234398583019001, -12.883834699488069 ], [ -75.234258249479552, -12.8836972736718 ], [ -75.234117916093098, -12.883559847776285 ], [ -75.234117405144858, -12.883009642737296 ], [ -75.23425748259821, -12.882871966121625 ], [ -75.234397559898582, -12.882734289432237 ], [ -75.234397304133296, -12.882459186903862 ], [ -75.234256971373597, -12.882321761059323 ], [ -75.234116894220278, -12.88245943767523 ], [ -75.233976816913994, -12.882597114217401 ], [ -75.233836484301349, -12.882459688146428 ], [ -75.233696151841698, -12.882322261996192 ], [ -75.233415742066882, -12.882322512014374 ], [ -75.233275409910235, -12.882185085632051 ], [ -75.233135077906567, -12.882047659170491 ], [ -75.232854668425901, -12.882047908582832 ], [ -75.232714336725238, -12.881910481889207 ], [ -75.232714082813402, -12.881635379310394 ], [ -75.232573751421612, -12.8814979525319 ], [ -75.232293342541084, -12.881498201332942 ], [ -75.232153011452297, -12.881360774322408 ], [ -75.23201268051649, -12.881223347232664 ], [ -75.231451863337924, -12.88122384332306 ], [ -75.231311532855145, -12.881086415848463 ], [ -75.231171202525331, -12.880948988294671 ], [ -75.229488752649999, -12.880950467528947 ], [ -75.229348673596547, -12.881088141640831 ], [ -75.22920859439013, -12.881225815678947 ], [ -75.228928185745502, -12.881226060872796 ], [ -75.228787856613209, -12.881088632023115 ], [ -75.228647527633896, -12.880951203094257 ], [ -75.228507198807534, -12.880813774086221 ], [ -75.228366870134138, -12.880676344999012 ], [ -75.228226541613694, -12.880538915832631 ], [ -75.228086213246215, -12.880401486587079 ], [ -75.227945885031687, -12.880264057262361 ], [ -75.227805556970111, -12.880126627858495 ], [ -75.227665229061486, -12.879989198375451 ], [ -75.227663987296395, -12.878613684732386 ], [ -75.227523660319804, -12.878476255142317 ], [ -75.227383333496149, -12.878338825473097 ], [ -75.227243006825418, -12.878201395724734 ], [ -75.227102680307624, -12.878063965897226 ], [ -75.226962353942753, -12.877926535990577 ], [ -75.22682202773079, -12.877789106004803 ], [ -75.226821285545114, -12.876963797649472 ], [ -75.226680959953427, -12.876826367567858 ], [ -75.226540634514649, -12.876688937407117 ], [ -75.226540387442441, -12.876413834599363 ], [ -75.226400062312337, -12.876276404353938 ], [ -75.226259737335141, -12.876138974029386 ], [ -75.226119412510826, -12.876001543625723 ], [ -75.225839009614319, -12.876001785416593 ], [ -75.225698685092951, -12.875864354781132 ], [ -75.225558360724492, -12.875726924066562 ], [ -75.225418036508913, -12.87558949327288 ], [ -75.225277712446243, -12.875452062400111 ], [ -75.22499731014419, -12.8754523032803 ], [ -75.224857231599046, -12.875589975038571 ], [ -75.224717152901007, -12.875727646723071 ], [ -75.223595542390186, -12.875728606064945 ], [ -75.223455219225002, -12.875591174202677 ], [ -75.223314896212699, -12.875453742261342 ], [ -75.223174573353305, -12.875316310240914 ], [ -75.223173843247451, -12.874491001522554 ], [ -75.223033521008048, -12.874353569406505 ], [ -75.222753119883762, -12.874353807865605 ], [ -75.222612797947306, -12.87421637551785 ], [ -75.222612555207107, -12.873941272583894 ], [ -75.222472233579211, -12.873803840151561 ], [ -75.222331912104167, -12.873666407640169 ], [ -75.222191590782003, -12.873528975049718 ], [ -75.222051269612706, -12.873391542380213 ], [ -75.222191348514471, -12.873253872093462 ], [ -75.222331427263384, -12.873116201732927 ], [ -75.222330215259788, -12.871740686863857 ], [ -75.22247029310563, -12.87160301642821 ], [ -75.222610370798634, -12.871465345918773 ], [ -75.222610128114738, -12.87119024292714 ], [ -75.22275020550488, -12.871052572343659 ], [ -75.222890282742171, -12.870914901686394 ], [ -75.222890039763854, -12.870639798688503 ], [ -75.222749719853908, -12.870502366342601 ], [ -75.222609400096772, -12.870364933917655 ], [ -75.222469080492473, -12.87022750141367 ], [ -75.222328761040984, -12.870090068830645 ], [ -75.22232827634636, -12.869539862773449 ], [ -75.222468352992067, -12.869402192335746 ], [ -75.222608429484964, -12.869264521824265 ], [ -75.222748505825052, -12.86912685123901 ], [ -75.222888582012317, -12.868989180579973 ], [ -75.2230286580468, -12.868851509847172 ], [ -75.22316873392846, -12.868713839040602 ], [ -75.223028414957938, -12.868576406808652 ], [ -75.222748020252922, -12.868576645157198 ], [ -75.222607701585204, -12.86843921269368 ], [ -75.222467383070281, -12.868301780151114 ], [ -75.221906594243336, -12.868302255338527 ], [ -75.221766276181171, -12.868164822411861 ], [ -75.221625958271829, -12.868027389406176 ], [ -75.221485881909288, -12.868165059403289 ], [ -75.221345805393938, -12.868302729326613 ], [ -75.221065410960847, -12.868302965870907 ], [ -75.220925093348697, -12.868165532486653 ], [ -75.220784775889342, -12.868028099023391 ], [ -75.220644458582782, -12.867890665481118 ], [ -75.220504141429018, -12.867753231859849 ], [ -75.220223747590381, -12.867753467494241 ], [ -75.220083430739408, -12.867616033641459 ], [ -75.219943114041243, -12.867478599709685 ], [ -75.219662720497027, -12.867478834739249 ], [ -75.219522404101653, -12.867341400575999 ], [ -75.219522164863449, -12.867066297440438 ], [ -75.219381848776422, -12.866928863192712 ], [ -75.219241771769276, -12.867066532012508 ], [ -75.219101694609336, -12.867204200758506 ], [ -75.218961378669562, -12.867066766284783 ], [ -75.218821062882554, -12.866929331732077 ], [ -75.218680985564305, -12.867067000257249 ], [ -75.21854090809326, -12.867204668708615 ], [ -75.21840059245352, -12.867067233929918 ], [ -75.218260276966546, -12.866929799072249 ], [ -75.217979884000272, -12.866930032292636 ], [ -75.217839568816103, -12.866792597203528 ], [ -75.21769925378473, -12.866655162035457 ], [ -75.217418861112989, -12.86665539465111 ], [ -75.217278546384406, -12.866517959251613 ], [ -75.217138231808619, -12.866380523773163 ], [ -75.216997917385598, -12.866243088215761 ], [ -75.216997680919448, -12.86596798501076 ], [ -75.216857366804732, -12.865830549368967 ], [ -75.216717052842753, -12.865693113648225 ], [ -75.216576739033542, -12.865555677848544 ], [ -75.216436425377097, -12.865418241969918 ], [ -75.216296111873419, -12.865280806012359 ], [ -75.216155798522507, -12.865143369975861 ], [ -75.216015485324348, -12.865005933860449 ], [ -75.215875172278942, -12.864868497666089 ], [ -75.215734859386288, -12.864731061392805 ], [ -75.2155945466464, -12.864593625040593 ], [ -75.215454234059251, -12.864456188609457 ], [ -75.214332672941481, -12.864457107517545 ], [ -75.214192361107223, -12.864319670397867 ], [ -75.214191894367033, -12.863769463799546 ], [ -75.21433197237296, -12.863631797627644 ], [ -75.214472050226149, -12.863494131381907 ], [ -75.2146121279266, -12.86335646506233 ], [ -75.214752205474312, -12.863218798668916 ], [ -75.214751503604376, -12.862393488724006 ], [ -75.214891580549306, -12.862255822255733 ], [ -75.215031657341527, -12.862118155713626 ], [ -75.21502931512822, -12.859367122182444 ], [ -75.214889005794376, -12.859229685343523 ], [ -75.214748696613228, -12.859092248425704 ], [ -75.214747761123249, -12.857991834808542 ], [ -75.21488783566852, -12.857854168334754 ], [ -75.215448601556631, -12.857853708525159 ], [ -75.215588675638486, -12.857716041683075 ], [ -75.215728749567674, -12.857578374767202 ], [ -75.215868823344195, -12.857440707777545 ], [ -75.215868353210993, -12.856890500952039 ], [ -75.216008426535012, -12.856752833887933 ], [ -75.216288808238716, -12.856752602955023 ], [ -75.2164288812547, -12.856614935669922 ], [ -75.216568954118031, -12.856477268311043 ], [ -75.216709026828724, -12.856339600878398 ], [ -75.216568718304586, -12.856202164893762 ], [ -75.216428409933087, -12.856064728830253 ], [ -75.216427938633331, -12.855514521967558 ], [ -75.216568010897049, -12.855376854607384 ], [ -75.216708083008129, -12.855239187173453 ], [ -75.216707611130701, -12.854688980286408 ], [ -75.216847682789378, -12.854551312778087 ], [ -75.21712806203449, -12.854551080987513 ], [ -75.21726813338519, -12.854413413258234 ], [ -75.217267660319692, -12.853863206357127 ], [ -75.217407731218017, -12.853725538553475 ], [ -75.217547801963747, -12.853587870676078 ], [ -75.217547328320777, -12.853037663750701 ], [ -75.217687398614174, -12.852899995798944 ], [ -75.217967776011449, -12.852899763140734 ], [ -75.218107845996911, -12.852762094968085 ], [ -75.218107608578777, -12.852486991501276 ], [ -75.21824767826179, -12.852349323254595 ], [ -75.218387747792207, -12.85221165493421 ], [ -75.218387510079936, -12.851936551461039 ], [ -75.218247203142411, -12.851799116303113 ], [ -75.218106896357483, -12.851661681066318 ], [ -75.217966589725137, -12.851524245750642 ], [ -75.217826283245387, -12.851386810356098 ], [ -75.217685976918204, -12.851249374882689 ], [ -75.217545670743618, -12.851111939330428 ], [ -75.217545197199627, -12.850561732301369 ], [ -75.217685266144514, -12.850424064346823 ], [ -75.217825334936819, -12.850286396318561 ], [ -75.217824386716359, -12.849185982188891 ], [ -75.217964454756867, -12.849048314085683 ], [ -75.218244827876518, -12.849048081200126 ], [ -75.218384895609177, -12.848910412876107 ], [ -75.218384420322622, -12.848360205785822 ], [ -75.218244115404318, -12.848222770556953 ], [ -75.218103810638553, -12.848085335249237 ], [ -75.218101437642574, -12.845334299343202 ], [ -75.218241503431003, -12.845196631088672 ], [ -75.218381569066935, -12.845058962760444 ], [ -75.218381331498165, -12.844783859137573 ], [ -75.218241028598456, -12.844646423837776 ], [ -75.218100725851258, -12.844508988459152 ], [ -75.218099776873359, -12.843408573866489 ], [ -75.218239841613666, -12.843270905609826 ], [ -75.218379906201477, -12.843133237279501 ], [ -75.218379668671361, -12.842858133616355 ], [ -75.218239366858356, -12.84272069827837 ], [ -75.218099065197819, -12.842583262861561 ], [ -75.217958763689751, -12.842445827365941 ], [ -75.217818462334151, -12.842308391791502 ], [ -75.217678161131005, -12.842170956138251 ], [ -75.217537860080341, -12.84203352040619 ], [ -75.217537386899252, -12.841483312997207 ], [ -75.217677450902002, -12.841345645032478 ], [ -75.217817514752298, -12.841207976994081 ], [ -75.217817277870594, -12.840932873280337 ], [ -75.217957341418753, -12.840795205167979 ], [ -75.218097404814472, -12.840657536981977 ], [ -75.218097167638888, -12.840382433261869 ], [ -75.217956867372493, -12.840244997722627 ], [ -75.217816567258524, -12.84010756210459 ], [ -75.217816330398833, -12.839832458367828 ], [ -75.21795639334826, -12.839694790254249 ], [ -75.218096456145247, -12.839557122067022 ], [ -75.218096218991718, -12.839282018323914 ], [ -75.218236281486611, -12.839144350062737 ], [ -75.218376343829064, -12.839006681727913 ], [ -75.218376106381726, -12.838731577978438 ], [ -75.218516168422099, -12.838593909569678 ], [ -75.21865623031006, -12.838456241087279 ], [ -75.218655517103244, -12.837630929802566 ], [ -75.218515218089323, -12.837493494513062 ], [ -75.218234857783244, -12.837493727481386 ], [ -75.218094559071361, -12.837356291960969 ], [ -75.217954260511874, -12.837218856361767 ], [ -75.217813962104785, -12.837081420683802 ], [ -75.217673663850093, -12.836943984927041 ], [ -75.217533365747798, -12.8368065490915 ], [ -75.2173930677979, -12.836669113177182 ], [ -75.217252770000385, -12.836531677184094 ], [ -75.217112472355268, -12.836394241112233 ], [ -75.216972174862534, -12.836256804961607 ], [ -75.216971467274064, -12.83543149344624 ], [ -75.216831170399075, -12.835294057200537 ], [ -75.216270454591921, -12.835294519167181 ], [ -75.216130158168596, -12.835157082538574 ], [ -75.215989861897626, -12.835019645831215 ], [ -75.215849565779038, -12.834882209045109 ], [ -75.215849331157088, -12.834607105163213 ], [ -75.215709035345952, -12.834469668292941 ], [ -75.2155687396872, -12.834332231343931 ], [ -75.215568505380872, -12.834057127445421 ], [ -75.215428210029543, -12.833919690412255 ], [ -75.215147853625069, -12.833919920024487 ], [ -75.215007558575749, -12.833782482760544 ], [ -75.214867263678769, -12.833645045417891 ], [ -75.214726968934158, -12.833507607996498 ], [ -75.214726035463158, -12.832407192237987 ], [ -75.214585741491106, -12.832269754716226 ], [ -75.214445447671409, -12.832132317115759 ], [ -75.214305154004023, -12.83199487943658 ], [ -75.214164860488992, -12.831857441678691 ], [ -75.214024567126273, -12.831720003842101 ], [ -75.213744213132159, -12.831720231918903 ], [ -75.213603920071407, -12.831582793851609 ], [ -75.213603223729663, -12.830757481859902 ], [ -75.213462931286287, -12.830620043697721 ], [ -75.213322638995223, -12.830482605456849 ], [ -75.213322175414419, -12.829932397412053 ], [ -75.213181883585676, -12.829794959081712 ], [ -75.213041591909231, -12.82965752067269 ], [ -75.212901300385099, -12.829520082184988 ], [ -75.212761009013249, -12.82938264361861 ], [ -75.212620717793712, -12.82924520497356 ], [ -75.212480426726458, -12.829107766249837 ], [ -75.212340135811502, -12.828970327447465 ], [ -75.212059784831311, -12.828970553680447 ], [ -75.211919494218265, -12.828833114647447 ], [ -75.211919263980406, -12.828558010568312 ], [ -75.211778973674598, -12.828420571451272 ], [ -75.211638683521102, -12.828283132255578 ], [ -75.211498393519875, -12.828145692981231 ], [ -75.211218043437356, -12.828145918302582 ], [ -75.211077753738024, -12.828008478797656 ], [ -75.210937464190977, -12.827871039214102 ], [ -75.210797174796213, -12.827733599551889 ], [ -75.210656885553718, -12.827596159811035 ], [ -75.210376536064317, -12.827596384225844 ], [ -75.210236247123717, -12.827458944254444 ], [ -75.210095958335387, -12.827321504204411 ], [ -75.20995566969934, -12.827184064075748 ], [ -75.209955441625354, -12.826908959927255 ], [ -75.209815153296503, -12.826771519714612 ], [ -75.209674865119894, -12.826634079423366 ], [ -75.209674637361047, -12.826358975258417 ], [ -75.209534349491619, -12.826221534883183 ], [ -75.209394061774447, -12.826084094429337 ], [ -75.209253774209529, -12.825946653896876 ], [ -75.209113486796866, -12.825809213285799 ], [ -75.209113259662928, -12.825534109093738 ], [ -75.208972972557405, -12.825396668398712 ], [ -75.208692625472395, -12.825396890980953 ], [ -75.208552338668738, -12.825259450055464 ], [ -75.208412052017323, -12.825122009051368 ], [ -75.208131705226251, -12.825122231031093 ], [ -75.207991418876702, -12.824984789796556 ], [ -75.20785113267938, -12.824847348483424 ], [ -75.207570786182288, -12.824847569860653 ], [ -75.207430500286833, -12.82471012831709 ], [ -75.207290214543605, -12.824572686694946 ], [ -75.207149928952617, -12.824435244994222 ], [ -75.207149479005309, -12.823885036478051 ], [ -75.20700919387626, -12.823747594688113 ], [ -75.206728848581321, -12.823747815149446 ], [ -75.206588563754096, -12.823610373129116 ], [ -75.206448279079098, -12.823472931030219 ], [ -75.205326899044167, -12.823473808673446 ], [ -75.205186615119885, -12.823336365888768 ], [ -75.205186392295602, -12.823061261576493 ], [ -75.205046108678346, -12.82292381870797 ], [ -75.204905825213302, -12.822786375760902 ], [ -75.205045886014076, -12.822648714384643 ], [ -75.205185946662624, -12.822511052934678 ], [ -75.205326007158959, -12.822373391411023 ], [ -75.205466067503096, -12.82223572981367 ], [ -75.205464952015305, -12.820860208104122 ], [ -75.205324669486799, -12.820722765345007 ], [ -75.205184387110478, -12.820585322507359 ], [ -75.205183273300179, -12.819209800601183 ], [ -75.205042991849879, -12.819072357658534 ], [ -75.204902710551721, -12.818934914637362 ], [ -75.204902265682918, -12.818384705813516 ], [ -75.204761984846428, -12.818247262703249 ], [ -75.204621704162108, -12.818109819514474 ], [ -75.204481423629929, -12.817972376247184 ], [ -75.20392074572527, -12.81797281129087 ], [ -75.203780686848646, -12.818110472087234 ], [ -75.203780908058064, -12.818385576527083 ], [ -75.203640848879701, -12.818523237249293 ], [ -75.203500789549196, -12.818660897897791 ], [ -75.203360730066521, -12.81879855847262 ], [ -75.201959030598815, -12.818799637941524 ], [ -75.201818751100944, -12.818662193246119 ], [ -75.20167847175523, -12.81852474847226 ], [ -75.200837452911031, -12.818525391659719 ], [ -75.200697392033376, -12.818663050838905 ], [ -75.200697609905504, -12.818938155319803 ], [ -75.200557548726067, -12.819075814424775 ], [ -75.200417487394475, -12.819213473456021 ], [ -75.200277425910684, -12.819351132413535 ], [ -75.200137364274752, -12.819488791297312 ], [ -75.199997302486636, -12.819626450107352 ], [ -75.199857240546351, -12.819764108843636 ], [ -75.199717178453895, -12.819901767506192 ], [ -75.19957689953425, -12.819764321618182 ], [ -75.199436620766789, -12.819626875651732 ], [ -75.199296342151513, -12.81948942960681 ], [ -75.199156063688392, -12.819351983483433 ], [ -75.198595382547026, -12.819352407226454 ], [ -75.198455319982955, -12.819490065228383 ], [ -75.198315257266685, -12.819627723156557 ], [ -75.197754575486556, -12.819628145116997 ], [ -75.197614297769249, -12.819490698162031 ], [ -75.19747402020414, -12.819353251128627 ], [ -75.197333742791173, -12.819215804016794 ], [ -75.197333528565963, -12.818940699485251 ], [ -75.197193251459822, -12.818803252289792 ], [ -75.19691291146529, -12.818803462210733 ], [ -75.196772634660988, -12.818666014785197 ], [ -75.196632358008856, -12.818528567281263 ], [ -75.195510999178509, -12.818529402765529 ], [ -75.195370935362277, -12.818667059152105 ], [ -75.195230871393875, -12.818804715464912 ], [ -75.194950531364668, -12.81880492329536 ], [ -75.194810467089482, -12.818942579387356 ], [ -75.19467040266214, -12.819080235405552 ], [ -75.194109721970477, -12.819080649582421 ], [ -75.193969657081709, -12.819218305232754 ], [ -75.193829592040785, -12.819355960809283 ], [ -75.193549251378357, -12.819356167155666 ], [ -75.193409186030635, -12.819493822511339 ], [ -75.193269120530744, -12.819631477793193 ], [ -75.193128845208719, -12.819494028412022 ], [ -75.192988570038835, -12.819356578952467 ], [ -75.190745844486301, -12.81935821419345 ], [ -75.190605570666563, -12.819220763442784 ], [ -75.190465296998994, -12.819083312613769 ], [ -75.190325023483609, -12.818945861706409 ], [ -75.190184750120366, -12.818808410720703 ], [ -75.189904410003592, -12.818808613175587 ], [ -75.189764136942287, -12.818671161959973 ], [ -75.189623864033138, -12.818533710666046 ], [ -75.189343524211097, -12.818533912519168 ], [ -75.189203251603885, -12.818396460995331 ], [ -75.189062979148801, -12.818259009393168 ], [ -75.188922706845901, -12.818121557712679 ], [ -75.188782434695142, -12.817984105953865 ], [ -75.188502095467399, -12.817984306902174 ], [ -75.18836202808609, -12.818121959613748 ], [ -75.188221960552653, -12.818259612251452 ], [ -75.187661281464742, -12.818260012663828 ], [ -75.187521213470063, -12.818397664933464 ], [ -75.187381145323243, -12.818535317129227 ], [ -75.185979445975462, -12.818536311463038 ], [ -75.185839175165711, -12.818398858120814 ], [ -75.185698904508115, -12.818261404700303 ], [ -75.185558835431848, -12.818399055940153 ], [ -75.185418766203412, -12.818536707106107 ], [ -75.18513842631036, -12.818536904479684 ], [ -75.184998356775267, -12.818674555424577 ], [ -75.184998557605169, -12.818949660160492 ], [ -75.184858487768082, -12.819087311030804 ], [ -75.184297806741313, -12.819087704302216 ], [ -75.184157736443069, -12.819225354804315 ], [ -75.184017665992656, -12.819363005232495 ], [ -75.183737325163293, -12.819363201125915 ], [ -75.183597254406209, -12.819500851333004 ], [ -75.183457183496969, -12.81963850146616 ], [ -75.183317112435546, -12.819776151525366 ], [ -75.183177041221953, -12.819913801510646 ], [ -75.18303696985619, -12.820051451421989 ], [ -75.182896898338228, -12.820189101259386 ], [ -75.182756826668097, -12.82032675102284 ], [ -75.182616754845782, -12.820464400712343 ], [ -75.182476682871268, -12.820602050327899 ], [ -75.182336610744599, -12.820739699869499 ], [ -75.182056268365699, -12.820739893992496 ], [ -75.181916195932317, -12.820877543312944 ], [ -75.181776123346765, -12.821015192559415 ], [ -75.181215437957235, -12.821015579320532 ], [ -75.181075168304602, -12.820878123448189 ], [ -75.180934898804168, -12.82074066749758 ], [ -75.180374213995933, -12.820741052457986 ], [ -75.180233944947503, -12.820603596126185 ], [ -75.180093676051243, -12.820466139716144 ], [ -75.179953602686453, -12.820603788006881 ], [ -75.179813529169479, -12.820741436223633 ], [ -75.179673455500335, -12.820879084366402 ], [ -75.179533381678979, -12.821016732435163 ], [ -75.179253038950037, -12.821016923575501 ], [ -75.179112964822025, -12.821154571423055 ], [ -75.178972890541843, -12.821292219196618 ], [ -75.178692547499452, -12.821292409743782 ], [ -75.178552472912614, -12.8214300572961 ], [ -75.178412398173577, -12.821567704774415 ], [ -75.175889307809825, -12.821569403606567 ], [ -75.175749231528656, -12.821707049685495 ], [ -75.175609155095287, -12.821844695690375 ], [ -75.175328811390401, -12.821844882661388 ], [ -75.175188734650405, -12.821982528444941 ], [ -75.175048657758211, -12.822120174154428 ], [ -75.174487969717475, -12.822120546611124 ], [ -75.174347703045925, -12.821983087123792 ], [ -75.174207436526558, -12.821845627558266 ], [ -75.174067170159418, -12.82170816791457 ], [ -75.173926903944462, -12.821570708192704 ], [ -75.173366217086127, -12.821571078243208 ], [ -75.173225951323388, -12.821433618140368 ], [ -75.173225763235834, -12.821158513278512 ], [ -75.173085497779667, -12.821021053092597 ], [ -75.172945232475712, -12.820883592828542 ], [ -75.172944293647305, -12.819508068383962 ], [ -75.17280402926734, -12.819370608017174 ], [ -75.172663765039559, -12.819233147572243 ], [ -75.17266320272104, -12.818407832807102 ], [ -75.172522939108447, -12.818270372269305 ], [ -75.172382675648009, -12.818132911653379 ], [ -75.172242412339727, -12.817995450959327 ], [ -75.172102149183615, -12.817857990187145 ], [ -75.172101962370149, -12.817582885234311 ], [ -75.171961699520509, -12.817445424379121 ], [ -75.171821436823009, -12.817307963445797 ], [ -75.171821250322523, -12.817032858477418 ], [ -75.171680987931467, -12.816895397461076 ], [ -75.169718619823911, -12.816896670202949 ], [ -75.16957835863488, -12.816759208049307 ], [ -75.16943809759799, -12.816621745817578 ], [ -75.169297836713241, -12.816484283507771 ], [ -75.169297652964147, -12.816209178485931 ], [ -75.169157392385799, -12.816071716093166 ], [ -75.168877054971759, -12.816071896109873 ], [ -75.168736794695519, -12.815934433487749 ], [ -75.168596534571421, -12.815796970787556 ], [ -75.16845627459945, -12.815659508009292 ], [ -75.168316014779577, -12.81552204515296 ], [ -75.168175755111832, -12.815384582218567 ], [ -75.168035495596229, -12.815247119206113 ], [ -75.167895236232724, -12.815109656115613 ], [ -75.167754977021346, -12.814972192947042 ], [ -75.167614717962081, -12.814834729700417 ], [ -75.167474459054915, -12.81469726637574 ], [ -75.167194123136582, -12.814697444581222 ], [ -75.167053864531539, -12.814559981027248 ], [ -75.167053501964901, -12.814009770833861 ], [ -75.166913243820389, -12.813872307192177 ], [ -75.166772985827976, -12.813734843472437 ], [ -75.166632727987661, -12.813597379674665 ], [ -75.165791723832598, -12.813597910661462 ], [ -75.165651466594369, -12.813460446331998 ], [ -75.165511209508239, -12.813322981924509 ], [ -75.164950540650608, -12.813323333818273 ], [ -75.164810284016582, -12.813185869030361 ], [ -75.16467002753464, -12.813048404164437 ], [ -75.164389693399585, -12.813048579361151 ], [ -75.164249437219766, -12.812911114266033 ], [ -75.164109181192018, -12.812773649092929 ], [ -75.163828847352846, -12.812773823688762 ], [ -75.163688591627192, -12.812636358286458 ], [ -75.163688236419532, -12.812086147918976 ], [ -75.163547981154267, -12.811948682429072 ], [ -75.163407726041072, -12.811811216861189 ], [ -75.163407548751721, -12.811536111659251 ], [ -75.163267293944742, -12.811398646008584 ], [ -75.163127039289819, -12.811261180279935 ], [ -75.163126862312851, -12.810986075062646 ], [ -75.162986607964129, -12.810848609251227 ], [ -75.162846353767463, -12.810711143361837 ], [ -75.162706099722868, -12.810573677394475 ], [ -75.162565845830315, -12.810436211349163 ], [ -75.162425592089832, -12.810298745225868 ], [ -75.161864929832461, -12.810299090468128 ], [ -75.161724676544054, -12.810161623964603 ], [ -75.161724501104061, -12.809886518705179 ], [ -75.161584248121784, -12.809749052118924 ], [ -75.161443995291563, -12.809611585454723 ], [ -75.161443645040194, -12.809061374899553 ], [ -75.161303392670163, -12.808923908147856 ], [ -75.16074273342106, -12.808924250964571 ], [ -75.160602481503076, -12.808786783832725 ], [ -75.160462229737121, -12.808649316622947 ], [ -75.160321978123207, -12.808511849335241 ], [ -75.160181726661321, -12.808374381969607 ], [ -75.159901397630719, -12.808374552325983 ], [ -75.159761146470871, -12.808237084731342 ], [ -75.159760799908867, -12.807686874073276 ], [ -75.159620549209123, -12.807549406391209 ], [ -75.15905989295203, -12.807549745589418 ], [ -75.158919642704319, -12.807412277527302 ], [ -75.158779392608636, -12.80727480938728 ], [ -75.158639142664953, -12.807137341169362 ], [ -75.158638970614192, -12.806862235805214 ], [ -75.158498720976539, -12.806724767504656 ], [ -75.158218393746026, -12.806724936048235 ], [ -75.158078144410396, -12.806587467518733 ], [ -75.15793789522678, -12.806449998911345 ], [ -75.157096914411369, -12.806450501845745 ], [ -75.156956836048508, -12.806588138105367 ], [ -75.156816757533633, -12.806725774290825 ], [ -75.156676678866759, -12.806863410402109 ], [ -75.156536600047872, -12.807001046439202 ], [ -75.155415289774766, -12.807001710484217 ], [ -75.155275210187938, -12.807139345857788 ], [ -75.155135130449082, -12.80727698115717 ], [ -75.153733490979761, -12.807277803026752 ], [ -75.15359324373685, -12.807140332090349 ], [ -75.153452996645953, -12.807002861076104 ], [ -75.153312749707055, -12.806865389984042 ], [ -75.153312583436616, -12.806590284544164 ], [ -75.153172336803678, -12.806452813369573 ], [ -75.152331355788405, -12.806453301088247 ], [ -75.152191109757723, -12.806315829382898 ], [ -75.152050863879012, -12.806178357599732 ], [ -75.151910618152314, -12.806040885738751 ], [ -75.15177037257763, -12.805903413799957 ], [ -75.151630127154931, -12.805765941783372 ], [ -75.151489881884217, -12.805628469688964 ], [ -75.151209555771928, -12.805628630759394 ], [ -75.151069310803308, -12.805491158436229 ], [ -75.151069146984085, -12.805216052938912 ], [ -75.15092890232134, -12.805078580533298 ], [ -75.150648576809374, -12.805078740999951 ], [ -75.150508332448723, -12.804941268365607 ], [ -75.150368088240043, -12.80480379565347 ], [ -75.150228007083044, -12.804941428383014 ], [ -75.150087925774045, -12.805079061038313 ], [ -75.149527274723553, -12.805079379883418 ], [ -75.149387030963254, -12.804941906645363 ], [ -75.14924678735494, -12.804804433329529 ], [ -75.148966462124235, -12.804804592002775 ], [ -75.148826218818016, -12.804667118458273 ], [ -75.148685975663753, -12.804529644835988 ], [ -75.148545732661503, -12.804392171135934 ], [ -75.148405489811225, -12.804254697358123 ], [ -75.148265247112903, -12.804117223502546 ], [ -75.14812500456658, -12.803979749569216 ], [ -75.147844680232723, -12.803979907038745 ], [ -75.14770459814126, -12.804117538445098 ], [ -75.147564515897827, -12.804255169777191 ], [ -75.147424433502408, -12.804392801035018 ], [ -75.147424593358679, -12.804667906595357 ], [ -75.147284510661166, -12.804805537777769 ], [ -75.142799306109055, -12.804808007342146 ], [ -75.142659220798492, -12.80494563609121 ], [ -75.142519135335959, -12.805083264765942 ], [ -75.142238809712921, -12.805083416283146 ], [ -75.142098723944599, -12.805221044736069 ], [ -75.141958638024292, -12.805358673114657 ], [ -75.141397986152313, -12.80535897466418 ], [ -75.141257899772455, -12.80549660267345 ], [ -75.141117813240598, -12.805634230608373 ], [ -75.140557160739249, -12.805634530374617 ], [ -75.140417073747855, -12.805772157940181 ], [ -75.140276986604462, -12.805909785431366 ], [ -75.139996660040921, -12.805909934571977 ], [ -75.139856572591754, -12.806047561841307 ], [ -75.139716484990601, -12.806185189036269 ], [ -75.139155831237858, -12.806185485832396 ], [ -75.139015592418659, -12.806048007030556 ], [ -75.138875353751459, -12.805910528151063 ], [ -75.138735115236244, -12.805773049193926 ], [ -75.138734964788753, -12.805497943551799 ], [ -75.138594726579285, -12.805360464512484 ], [ -75.13831440060261, -12.805360611856543 ], [ -75.138174162695393, -12.805223132588779 ], [ -75.138033924940132, -12.805085653243374 ], [ -75.137753599260463, -12.805085799987532 ], [ -75.137613361807453, -12.8049483204137 ], [ -75.137473124506442, -12.804810840762231 ], [ -75.137192799123795, -12.804810986906515 ], [ -75.137052562125007, -12.804673507026655 ], [ -75.136912325278203, -12.804536027069148 ], [ -75.136772088583371, -12.804398547034014 ], [ -75.136771495394896, -12.803298124225288 ], [ -75.136631259466853, -12.803160644094604 ], [ -75.136491023690766, -12.803023163886301 ], [ -75.136490875709654, -12.802748058160814 ], [ -75.136350640239215, -12.802610577870421 ], [ -75.134949025380166, -12.802611299514451 ], [ -75.134808790812883, -12.802473818392814 ], [ -75.134668556397571, -12.802336337193605 ], [ -75.134388233716024, -12.802336480326209 ], [ -75.134248145145875, -12.802474104661203 ], [ -75.13410805642377, -12.802611728921796 ], [ -75.133827733431531, -12.802611871461066 ], [ -75.133687499465296, -12.802474389736576 ], [ -75.133547265651003, -12.802336907934526 ], [ -75.133407031988682, -12.802199426054891 ], [ -75.133266798478303, -12.802061944097678 ], [ -75.132986476083744, -12.802062085735892 ], [ -75.132846242875587, -12.801924603550425 ], [ -75.132706009819358, -12.801787121287392 ], [ -75.132565776915101, -12.801649638946801 ], [ -75.132425544162757, -12.80151215652865 ], [ -75.131023935145308, -12.801512857232542 ], [ -75.13088370329632, -12.801375373983499 ], [ -75.130743471599274, -12.801237890656916 ], [ -75.128781220940226, -12.801238857007647 ], [ -75.128640990447224, -12.801101372549056 ], [ -75.128640711553231, -12.800551160836751 ], [ -75.128500481519268, -12.800413676291866 ], [ -75.128360251637247, -12.800276191669477 ], [ -75.128359973370436, -12.799725979916714 ], [ -75.128219743947412, -12.799588495208063 ], [ -75.128079514676315, -12.799451010421919 ], [ -75.127939285557105, -12.799313525558285 ], [ -75.127799056589836, -12.79917604061716 ], [ -75.127658827774468, -12.79903855559855 ], [ -75.127518599111013, -12.798901070502454 ], [ -75.127378370599459, -12.798763585328899 ], [ -75.127238142239818, -12.798626100077847 ], [ -75.127097914032078, -12.798488614749319 ], [ -75.126957685976251, -12.798351129343319 ], [ -75.126817458072324, -12.798213643859848 ], [ -75.126537139856183, -12.798213778596594 ], [ -75.126396912254449, -12.79807629288508 ], [ -75.126256684804616, -12.797938807096108 ], [ -75.126116457506683, -12.797801321229676 ], [ -75.125976230360649, -12.797663835285803 ], [ -75.125695912742529, -12.79766396912215 ], [ -75.125555685898675, -12.797526482950252 ], [ -75.125415459206721, -12.797388996700908 ], [ -75.125275232666667, -12.797251510374116 ], [ -75.12513500627847, -12.797114023969874 ], [ -75.124994780042172, -12.796976537488195 ], [ -75.124854553957775, -12.796839050929075 ], [ -75.124293920515726, -12.796839315900886 ], [ -75.124153829423477, -12.796976934950324 ], [ -75.124013738179343, -12.797114553925264 ], [ -75.123172787072065, -12.797114948261498 ], [ -75.123032695215713, -12.797252566719123 ], [ -75.122892603207461, -12.797390185102232 ], [ -75.122752378020266, -12.797252697420674 ], [ -75.122612152984999, -12.797115209661696 ], [ -75.122471928101589, -12.796977721825309 ], [ -75.122471397251886, -12.795877297772853 ], [ -75.122331173134057, -12.795739809841814 ], [ -75.122190949168086, -12.795602321833369 ], [ -75.122050725353986, -12.795464833747531 ], [ -75.121910501691758, -12.795327345584314 ], [ -75.121770278181401, -12.795189857343683 ], [ -75.121630054822887, -12.795052369025667 ], [ -75.121489831616245, -12.794914880630255 ], [ -75.121209516985687, -12.794915009667754 ], [ -75.121069425258057, -12.795052627103516 ], [ -75.120929333378569, -12.795190244464758 ], [ -75.120649018438172, -12.79519037290896 ], [ -75.12050892625345, -12.795327990048062 ], [ -75.120368833916856, -12.795465607112616 ], [ -75.120088518666648, -12.795465734963502 ], [ -75.119948296056776, -12.795328245746996 ], [ -75.119808073598747, -12.795190756453096 ], [ -75.119527758646214, -12.795190883704985 ], [ -75.119387536490407, -12.795053394183272 ], [ -75.119247314486458, -12.794915904584199 ], [ -75.118686685173756, -12.794916157591967 ], [ -75.118546463622366, -12.794778667614654 ], [ -75.118406242222846, -12.794641177559992 ], [ -75.118266020975184, -12.794503687427984 ], [ -75.118265892841464, -12.794228581329259 ], [ -75.11812567189898, -12.794091091115641 ], [ -75.117985451108353, -12.79395360082469 ], [ -75.11784523046957, -12.793816110456394 ], [ -75.117705009982629, -12.793678620010766 ], [ -75.117564789647531, -12.793541129487807 ], [ -75.117424569464276, -12.793403638887513 ], [ -75.117424442253522, -12.793128532757493 ], [ -75.117284222375403, -12.792991042075638 ], [ -75.117144002649155, -12.792853551316442 ], [ -75.117143748849784, -12.79230333902221 ], [ -75.11700352958195, -12.792165848177197 ], [ -75.116863310465931, -12.792028357254871 ], [ -75.116862550978311, -12.790377720183699 ], [ -75.116722332933819, -12.790240229158588 ], [ -75.116582115041126, -12.790102738056186 ], [ -75.116441897300234, -12.789965246876481 ], [ -75.116301679711142, -12.789827755619481 ], [ -75.116161462273837, -12.78969026428519 ], [ -75.116021244988318, -12.789552772873625 ], [ -75.115881027854599, -12.789415281384754 ], [ -75.115740810872637, -12.789277789818598 ], [ -75.11560059404249, -12.789140298175155 ], [ -75.115460377364116, -12.789002806454439 ], [ -75.115460252325732, -12.788727700213483 ], [ -75.115320035952365, -12.788590208411261 ], [ -75.115179819730784, -12.78845271653176 ], [ -75.115039603660975, -12.788315224575006 ], [ -75.114759296248934, -12.788315346691736 ], [ -75.114619080481233, -12.788177854507389 ], [ -75.114618956362193, -12.787902748241098 ], [ -75.114478740899486, -12.78776525597527 ], [ -75.114338525588522, -12.787627763632178 ], [ -75.114198310429316, -12.787490271211833 ], [ -75.114058095421896, -12.787352778714233 ], [ -75.114057971918584, -12.787077672425374 ], [ -75.1139177572161, -12.786940179846313 ], [ -75.113777542665389, -12.786802687190008 ], [ -75.113637328266407, -12.786665194456456 ], [ -75.113497114019211, -12.786527701645662 ], [ -75.11335689992373, -12.786390208757627 ], [ -75.113216685980021, -12.786252715792358 ], [ -75.113076472188041, -12.786115222749853 ], [ -75.112796167184001, -12.786115342759858 ], [ -75.112655953694073, -12.785977849489878 ], [ -75.112796045059326, -12.785840236433165 ], [ -75.112936136272822, -12.785702623301891 ], [ -75.112795922937508, -12.785565130100725 ], [ -75.112655709753938, -12.785427636822339 ], [ -75.112655465825142, -12.784877424131903 ], [ -75.112515253099602, -12.784739930767907 ], [ -75.112375040525791, -12.784602437326692 ], [ -75.112374918871964, -12.784327330964489 ], [ -75.112234706603004, -12.78418983744187 ], [ -75.112094494485774, -12.784052343842038 ], [ -75.111954282520259, -12.783914850165001 ], [ -75.111113374748669, -12.783915205663915 ], [ -75.110973163385793, -12.783777711459017 ], [ -75.110972923132223, -12.783227498668166 ], [ -75.111113013913169, -12.783089886481566 ], [ -75.111253104542413, -12.782952274220401 ], [ -75.111252863698851, -12.782402061400436 ], [ -75.111392953875793, -12.782264449061609 ], [ -75.111673254645865, -12.782264330577773 ], [ -75.111813344518012, -12.782126718016817 ], [ -75.111953434238487, -12.781989105381308 ], [ -75.112233734699515, -12.781988986304581 ], [ -75.112373824115181, -12.781851373446973 ], [ -75.112513913379161, -12.781713760514815 ], [ -75.112654002491453, -12.781576147508114 ], [ -75.112653758642324, -12.78102593465732 ], [ -75.112513548060519, -12.780888441234623 ], [ -75.112373337630387, -12.780750947734735 ], [ -75.112513426293319, -12.780613334796435 ], [ -75.112653514804578, -12.780475721783599 ], [ -75.112653392889968, -12.780200615338167 ], [ -75.112793481099303, -12.780063002249266 ], [ -75.112933569156965, -12.779925389085836 ], [ -75.112933446944723, -12.779650282631598 ], [ -75.11307353470049, -12.779512669392115 ], [ -75.113213622304599, -12.779375056078109 ], [ -75.113213499794753, -12.779099949615107 ], [ -75.113353587096967, -12.778962336225053 ], [ -75.11349367424755, -12.778824722760488 ], [ -75.113633761246476, -12.77868710922141 ], [ -75.113773848093743, -12.778549495607821 ], [ -75.113633638288832, -12.778412002748096 ], [ -75.11349342863555, -12.778274509811176 ], [ -75.113493305833842, -12.77799940332793 ], [ -75.113633392382127, -12.777861789784303 ], [ -75.113913688276114, -12.777861668961306 ], [ -75.114053774519704, -12.777724055195671 ], [ -75.114193860611636, -12.777586441355536 ], [ -75.114474156196579, -12.777586319939916 ], [ -75.114614241983816, -12.777448705877809 ], [ -75.114754327619409, -12.777311091741206 ], [ -75.115034622895308, -12.777310969732989 ], [ -75.115174708226192, -12.777173355374437 ], [ -75.115314793405432, -12.777035740941399 ], [ -75.11545487843307, -12.776898126433881 ], [ -75.115594963309064, -12.776760511851904 ], [ -75.115735048033457, -12.776622897195432 ], [ -75.115875132606206, -12.776485282464492 ], [ -75.116015217027339, -12.776347667659079 ], [ -75.116155301296857, -12.776210052779197 ], [ -75.116295385414745, -12.776072437824849 ], [ -75.116435469381031, -12.775934822796041 ], [ -75.116715763123182, -12.775934699015695 ], [ -75.116855846784759, -12.775797083764996 ], [ -75.116995930294735, -12.775659468439843 ], [ -75.117136013653095, -12.775521853040257 ], [ -75.117135886938286, -12.775246746535158 ], [ -75.117275969994921, -12.775109131059624 ], [ -75.117416052899941, -12.774971515509643 ], [ -75.117556135653373, -12.774833899885222 ], [ -75.11769621825519, -12.774696284186357 ], [ -75.117695963633523, -12.774146071147205 ], [ -75.117836045783534, -12.774008455370959 ], [ -75.118116337388457, -12.774008330122037 ], [ -75.118256419233802, -12.773870714123973 ], [ -75.118396500927574, -12.773733098051478 ], [ -75.118957083516136, -12.773732846071393 ], [ -75.119097164752134, -12.773595229629723 ], [ -75.119237245836572, -12.773457613113635 ], [ -75.11937732676941, -12.773319996523153 ], [ -75.119517407550688, -12.773182379858245 ], [ -75.11965748818038, -12.773044763118929 ], [ -75.119797568658484, -12.77290714630521 ], [ -75.119937648985015, -12.77276952941709 ], [ -75.120077729159988, -12.772631912454566 ], [ -75.120358019225066, -12.772631784839284 ], [ -75.120498099095371, -12.772494167655017 ], [ -75.120638178814104, -12.772356550396362 ], [ -75.120778258381279, -12.772218933063318 ], [ -75.12091833779688, -12.772081315655901 ], [ -75.121058417060922, -12.771943698174086 ], [ -75.121198496173406, -12.771806080617887 ], [ -75.121338575134317, -12.771668462987307 ], [ -75.121478653943683, -12.771530845282358 ], [ -75.12161873260149, -12.771393227503033 ], [ -75.121618601081337, -12.77111812095718 ], [ -75.121758679437576, -12.770980503102074 ], [ -75.121898757642256, -12.770842885172582 ], [ -75.121898625825139, -12.770567778618164 ], [ -75.122038703728279, -12.770430160612889 ], [ -75.12217878147986, -12.770292542533252 ], [ -75.122318859079925, -12.770154924379257 ], [ -75.122458936528432, -12.77001730615091 ], [ -75.122599013825393, -12.769879687848205 ], [ -75.122739090970839, -12.769742069471169 ], [ -75.122879167964726, -12.769604451019767 ], [ -75.123159454664972, -12.769604320461085 ], [ -75.123299531354249, -12.76946670178806 ], [ -75.123439607892024, -12.769329083040693 ], [ -75.123579684278241, -12.769191464218991 ], [ -75.123579550661304, -12.768916357647628 ], [ -75.123719626746038, -12.768778738750191 ], [ -75.123999912527779, -12.768778607307887 ], [ -75.124139988307903, -12.768640988188881 ], [ -75.124139719877505, -12.768090775029243 ], [ -75.12427979520622, -12.767953155833101 ], [ -75.124419870383434, -12.767815536562647 ], [ -75.124559945409132, -12.767677917217872 ], [ -75.124700020283314, -12.767540297798783 ], [ -75.124840095006007, -12.7674026783054 ], [ -75.124980169577199, -12.767265058737692 ], [ -75.1249800344671, -12.76698995214095 ], [ -75.125120108736851, -12.76685233249755 ], [ -75.125260182855115, -12.766714712779853 ], [ -75.125400256821891, -12.76657709298785 ], [ -75.125540330637179, -12.766439473121553 ], [ -75.125680404300951, -12.766301853180977 ], [ -75.125820477813264, -12.766164233166089 ], [ -75.125820205803649, -12.765614019938887 ], [ -75.125960278864667, -12.765476399846962 ], [ -75.126100351774213, -12.765338779680759 ], [ -75.126100215474409, -12.765063673055842 ], [ -75.126240288082585, -12.764926052813989 ], [ -75.126380360539301, -12.764788432497847 ], [ -75.126380223942931, -12.76451332586446 ], [ -75.126520296098292, -12.764375705472684 ], [ -75.126660368102208, -12.764238085006633 ], [ -75.126800439954636, -12.764100464466315 ], [ -75.12708072055085, -12.764100329803096 ], [ -75.127220792098782, -12.763962709041369 ], [ -75.127360863495227, -12.763825088205358 ], [ -75.12750093474024, -12.763687467295094 ], [ -75.127500521364141, -12.7628621473451 ], [ -75.127640592008177, -12.762724526356536 ], [ -75.127780662500754, -12.762586905293713 ], [ -75.127780248254666, -12.76176158528413 ], [ -75.127920318146352, -12.761623964143023 ], [ -75.128060387886606, -12.761486342927661 ], [ -75.128059834405178, -12.760385916157384 ], [ -75.128199903394787, -12.760248294862404 ], [ -75.128339972233007, -12.760110673493195 ], [ -75.128339833571133, -12.759835566783634 ], [ -75.128479902108154, -12.759697945338862 ], [ -75.128619970493745, -12.759560323819873 ], [ -75.128619831535573, -12.759285217101926 ], [ -75.128759899620007, -12.759147595507375 ], [ -75.128899967553039, -12.759009973838618 ], [ -75.128899828298557, -12.758734867112258 ], [ -75.129039895930418, -12.758597245367953 ], [ -75.129179963410891, -12.758459623549442 ], [ -75.12932003073999, -12.75832200165673 ], [ -75.129460097917701, -12.75818437968983 ], [ -75.129600164944009, -12.758046757648716 ], [ -75.129740231818957, -12.75790913553341 ], [ -75.129880298542503, -12.757771513343911 ], [ -75.130020365114675, -12.757633891080216 ], [ -75.130160431535472, -12.757496268742335 ], [ -75.130300497804896, -12.757358646330271 ], [ -75.130440563922946, -12.757221023844023 ], [ -75.130580629889621, -12.757083401283595 ], [ -75.130579219556694, -12.754332333546413 ], [ -75.130439014221594, -12.754194849316169 ], [ -75.130298809037839, -12.754057365008691 ], [ -75.130298527622713, -12.753507151375079 ], [ -75.130438591644904, -12.753369528870364 ], [ -75.130578655515791, -12.753231906291491 ], [ -75.130577950538836, -12.751856372094247 ], [ -75.130718013510077, -12.751718749434646 ], [ -75.130858076330028, -12.751581126700898 ], [ -75.130857793763724, -12.751030912976752 ], [ -75.130997856133078, -12.750893290166239 ], [ -75.131137918351129, -12.750755667281593 ], [ -75.131137635199508, -12.750205453529327 ], [ -75.131277696967032, -12.75006783056795 ], [ -75.131417758583254, -12.749930207532428 ], [ -75.131417191122779, -12.748829779948892 ], [ -75.131557251989292, -12.748692156834027 ], [ -75.131697312704546, -12.74855453364505 ], [ -75.131837373268525, -12.748416910381954 ], [ -75.131977433681271, -12.748279287044749 ], [ -75.131976863880382, -12.747178859348969 ], [ -75.132116923543521, -12.747041235932466 ], [ -75.132256983055413, -12.746903612441869 ], [ -75.132397042416073, -12.746765988877168 ], [ -75.132537101625488, -12.746628365238378 ], [ -75.132677160683684, -12.746490741525516 ], [ -75.132817219590621, -12.746353117738545 ], [ -75.132957278346339, -12.746215493877488 ], [ -75.133097336950826, -12.746077869942345 ], [ -75.132957134857506, -12.745940386930208 ], [ -75.132816932915404, -12.74580290384085 ], [ -75.132676731124533, -12.745665420674271 ], [ -75.132536529484881, -12.745527937430477 ], [ -75.132396327996446, -12.745390454109488 ], [ -75.132256126659243, -12.745252970711272 ], [ -75.132115925473244, -12.745115487235843 ], [ -75.131975866857061, -12.745253110661432 ], [ -75.131835808089647, -12.745390734012926 ], [ -75.131555548131246, -12.745390873519327 ], [ -75.131415347242694, -12.745253389671117 ], [ -75.131275146505374, -12.745115905745719 ], [ -75.131134945919271, -12.744978421743117 ], [ -75.130994745484372, -12.744840937663323 ], [ -75.130854686406238, -12.744978560502675 ], [ -75.130714627176886, -12.74511618326793 ], [ -75.130574426889908, -12.744978698965367 ], [ -75.130434226754133, -12.74484121458562 ], [ -75.12987370801072, -12.744841490320447 ], [ -75.129733648321164, -12.744979112572221 ], [ -75.129593588480361, -12.745116734749878 ], [ -75.129453388791674, -12.744979249847431 ], [ -75.129313189254219, -12.744841764867809 ], [ -75.129032929871059, -12.744841901696191 ], [ -75.128892730634377, -12.744704416489441 ], [ -75.128752531548926, -12.744566931205526 ], [ -75.128472272461678, -12.74456706743714 ], [ -75.128332073677015, -12.744429581926118 ], [ -75.128191875043555, -12.744292096337938 ], [ -75.127911616252277, -12.744292231972807 ], [ -75.127771417919604, -12.744154746157552 ], [ -75.127631219738149, -12.744017260265132 ], [ -75.127491021707897, -12.743879774295568 ], [ -75.127490333922296, -12.742504238959594 ], [ -75.127350136807252, -12.742366752891083 ], [ -75.127209939843368, -12.742229266745447 ], [ -75.127209390895047, -12.741128838339012 ], [ -75.127069194693462, -12.740991352098817 ], [ -75.126928998643038, -12.740853865781505 ], [ -75.126928861719506, -12.740578758656923 ], [ -75.12678866597301, -12.740441272258144 ], [ -75.12664847037766, -12.740303785782244 ], [ -75.126508274933457, -12.740166299229234 ], [ -75.125947766379937, -12.740166566550473 ], [ -75.125807707093912, -12.74030418676857 ], [ -75.125807842804974, -12.740579293910809 ], [ -75.125667783218233, -12.74071691405341 ], [ -75.125387528328901, -12.74071704697807 ], [ -75.125247468438246, -12.740854666899608 ], [ -75.125107408396417, -12.740992286747026 ], [ -75.123986387585646, -12.740992814302681 ], [ -75.123846193180597, -12.740855326336828 ], [ -75.12370599892671, -12.740717838293907 ], [ -75.123565938119668, -12.740855457333955 ], [ -75.123425877161452, -12.740993076299858 ], [ -75.123285816052075, -12.741130695191597 ], [ -75.123145754791537, -12.74126831400917 ], [ -75.123005560682586, -12.741130825598095 ], [ -75.122865366724795, -12.740993337109943 ], [ -75.12272517291818, -12.740855848544719 ], [ -75.122865234183379, -12.740718229945461 ], [ -75.123005295297418, -12.740580611272021 ], [ -75.123145356260295, -12.740442992524411 ], [ -75.123285417072012, -12.740305373702638 ], [ -75.123285018119944, -12.739480052162293 ], [ -75.123144824928815, -12.739342563798125 ], [ -75.123004631888804, -12.739205075356894 ], [ -75.123004499216407, -12.738929968156736 ], [ -75.122864306480238, -12.738792479634141 ], [ -75.122724113895202, -12.738654991034487 ], [ -75.122583921461299, -12.738517502357775 ], [ -75.122443729178528, -12.738380013604027 ], [ -75.122303537046889, -12.738242524773213 ], [ -75.120061519311207, -12.738243551165308 ], [ -75.119921457865772, -12.738381168308003 ], [ -75.11978139626919, -12.738518785376499 ], [ -75.119641205482466, -12.738381295124887 ], [ -75.119501014846847, -12.738243804796243 ], [ -75.119360824362374, -12.738106314390585 ], [ -75.11922063402902, -12.737968823907915 ], [ -75.119080443846812, -12.737831333348232 ], [ -75.119080186998843, -12.737281118805134 ], [ -75.119220248303719, -12.737143502097476 ], [ -75.119360309457491, -12.737005885315625 ], [ -75.119360052023126, -12.736455670743888 ], [ -75.11950011272657, -12.736318053884963 ], [ -75.119780362844622, -12.736317927237618 ], [ -75.119920423244366, -12.736180310157595 ], [ -75.119919776704336, -12.734804773628104 ], [ -75.120059836205073, -12.734667156466713 ], [ -75.120199895554734, -12.734529539231159 ], [ -75.12019976595667, -12.734254431905262 ], [ -75.120339825005686, -12.73411681459411 ], [ -75.120620072697221, -12.734116687079531 ], [ -75.120760131442566, -12.733979069547345 ], [ -75.120758959785704, -12.731503103357314 ], [ -75.120899017034176, -12.731365485738147 ], [ -75.121039074131616, -12.731227868044826 ], [ -75.121038160920534, -12.729302116224188 ], [ -75.1208979745726, -12.729164626503138 ], [ -75.120757788375656, -12.729027136705128 ], [ -75.120757658234211, -12.728752029270796 ], [ -75.120617472340811, -12.728614539391522 ], [ -75.120337230690893, -12.72861466684922 ], [ -75.120197045097981, -12.72847717674331 ], [ -75.120056859656074, -12.728339686560444 ], [ -75.119916674365172, -12.728202196300613 ], [ -75.119916415915569, -12.727651981374995 ], [ -75.119776231080678, -12.727514491029671 ], [ -75.119495990629659, -12.727514617586642 ], [ -75.119355806095243, -12.727377127014734 ], [ -75.119215621711817, -12.727239636365876 ], [ -75.119075437479353, -12.72710214564008 ], [ -75.118935253397908, -12.726964654837333 ], [ -75.118655013541812, -12.726964780499344 ], [ -75.118514829760812, -12.726827289470062 ], [ -75.118374646130803, -12.726689798363829 ], [ -75.118234462651785, -12.726552307180667 ], [ -75.118094279323728, -12.726414815920572 ], [ -75.117814040062598, -12.726414940687702 ], [ -75.117673857035015, -12.726277449201078 ], [ -75.117673476675236, -12.725452126617002 ], [ -75.117533294255992, -12.725314635040743 ], [ -75.116972818134386, -12.725314883070736 ], [ -75.116832636165057, -12.7251773911184 ], [ -75.116692454346705, -12.725039899089161 ], [ -75.116131978811254, -12.725040145335273 ], [ -75.115991922409023, -12.725177760491684 ], [ -75.115851865855817, -12.725315375573945 ], [ -75.115711684484467, -12.725177883023324 ], [ -75.115571503264093, -12.725040390395819 ], [ -75.115291265486135, -12.725040512481501 ], [ -75.115151084566207, -12.724903019627545 ], [ -75.115150836454077, -12.724352804470708 ], [ -75.11501065598992, -12.724215311531452 ], [ -75.11487047567671, -12.724077818515322 ], [ -75.114730295514448, -12.723940325422317 ], [ -75.114590115503148, -12.723802832252442 ], [ -75.114589621751961, -12.722702401803003 ], [ -75.114729677570807, -12.722564787367283 ], [ -75.11486973323872, -12.722427172857408 ], [ -75.1150097887557, -12.722289558273379 ], [ -75.11514984412176, -12.722151943615218 ], [ -75.115149596067724, -12.721601728344316 ], [ -75.115009417127411, -12.721464235362969 ], [ -75.114729183267983, -12.721464356820622 ], [ -75.114589004628044, -12.721326863612905 ], [ -75.114448826139011, -12.721189370328341 ], [ -75.114168592575624, -12.721189491190682 ], [ -75.114028414386965, -12.721051997679767 ], [ -75.113888236349226, -12.72091450409202 ], [ -75.113748058462377, -12.720777010427421 ], [ -75.113607880726434, -12.720639516685974 ], [ -75.11346770314141, -12.720502022867697 ], [ -75.113327525707277, -12.720364528972581 ], [ -75.112767060365542, -12.720364768014571 ], [ -75.112626883381253, -12.720227273743678 ], [ -75.112486706547855, -12.720089779395963 ], [ -75.112346529865377, -12.719952284971425 ], [ -75.112206353333761, -12.719814790470085 ], [ -75.112066176953064, -12.719677295891918 ], [ -75.11206605627028, -12.719402188178506 ], [ -75.111925880192771, -12.719264693519349 ], [ -75.11178570426614, -12.719127198783385 ], [ -75.111645528490399, -12.71898970397061 ], [ -75.111505352865521, -12.718852209081033 ], [ -75.111365177391534, -12.718714714114656 ], [ -75.111225002068423, -12.718577219071497 ], [ -75.111224523020383, -12.717476788060837 ], [ -75.111084348457211, -12.717339292924214 ], [ -75.110804119084506, -12.71733941019431 ], [ -75.110664063973232, -12.717477022603644 ], [ -75.110524008711096, -12.717614634938792 ], [ -75.110383953298097, -12.71775224719978 ], [ -75.110243897734236, -12.717889859386595 ], [ -75.109683437762399, -12.717890091863721 ], [ -75.109543381743165, -12.718027703682729 ], [ -75.109403325573055, -12.718165315427552 ], [ -75.109263269252082, -12.718302927098183 ], [ -75.109263386906051, -12.718578034860517 ], [ -75.109123330284703, -12.718715646455376 ], [ -75.108983273512465, -12.718853257976056 ], [ -75.108843216589364, -12.718990869422536 ], [ -75.10800252296518, -12.718991213281319 ], [ -75.107862349283778, -12.718853716449313 ], [ -75.107722175753239, -12.71871621954055 ], [ -75.107582002373576, -12.718578722555046 ], [ -75.107441829144804, -12.718441225492773 ], [ -75.107161598529359, -12.718441338922316 ], [ -75.107021540840961, -12.718578949416669 ], [ -75.106881483001686, -12.718716559836782 ], [ -75.106741425011535, -12.718854170182686 ], [ -75.106601366870493, -12.718991780454369 ], [ -75.106461193936724, -12.718854282875427 ], [ -75.106321021153818, -12.718716785219737 ], [ -75.105760559295234, -12.718717009417736 ], [ -75.105620500696219, -12.718854619176176 ], [ -75.105480441946298, -12.718992228860381 ], [ -75.105200210708574, -12.718992340221266 ], [ -75.105060151655579, -12.719129949684344 ], [ -75.104920092451707, -12.719267559073176 ], [ -75.10478003309693, -12.719405168387761 ], [ -75.104639973591262, -12.719542777628083 ], [ -75.104499913934731, -12.71968038679416 ], [ -75.104359854127296, -12.719817995885975 ], [ -75.102678461166363, -12.719818652541681 ], [ -75.102538289869912, -12.719681152883933 ], [ -75.102398118724338, -12.719543653149479 ], [ -75.102257947729683, -12.71940615333833 ], [ -75.102257617383444, -12.718580829898304 ], [ -75.102117446996161, -12.718443329998289 ], [ -75.101977276759754, -12.718305830021585 ], [ -75.101837106674225, -12.718168329968194 ], [ -75.101696936739572, -12.718030829838122 ], [ -75.101556766955781, -12.717893329631368 ], [ -75.101416597322853, -12.717755829347933 ], [ -75.101276427840801, -12.717618328987829 ], [ -75.10071596830214, -12.717618542502128 ], [ -75.100575907562273, -12.717756149622961 ], [ -75.100435846671544, -12.717893756669506 ], [ -75.100295785629939, -12.718031363641753 ], [ -75.100155724437471, -12.718168970539708 ], [ -75.099875494055794, -12.718169076264832 ], [ -75.099735432560323, -12.718306682941551 ], [ -75.099595370913988, -12.718444289543964 ], [ -75.099315140225528, -12.718444394678981 ], [ -75.099175078276176, -12.718582001060145 ], [ -75.099035016175961, -12.718719607366975 ], [ -75.098754785180745, -12.718719711911861 ], [ -75.098614722777512, -12.71885731799744 ], [ -75.098474660223417, -12.718994924008694 ], [ -75.098334491627696, -12.718857422099129 ], [ -75.098194323182867, -12.718719920112921 ], [ -75.098054260475394, -12.718857525904578 ], [ -75.097914197617044, -12.718995131621908 ], [ -75.096793272374711, -12.718995543293378 ], [ -75.096653208757047, -12.719133148348472 ], [ -75.096513144988506, -12.719270753329223 ], [ -75.096232913367601, -12.719270855212502 ], [ -75.096092849296056, -12.719408459971909 ], [ -75.096092952777511, -12.719683567825362 ], [ -75.095952888405407, -12.719821172508697 ], [ -75.095812823882412, -12.719958777117657 ], [ -75.095813339829192, -12.72133431628221 ], [ -75.09567327440682, -12.721471920808225 ], [ -75.093991870115502, -12.721472522438997 ], [ -75.093851803629562, -12.721610126008427 ], [ -75.093711736992702, -12.721747729503461 ], [ -75.093431502631603, -12.721747828444089 ], [ -75.09329133520923, -12.721610323887472 ], [ -75.093151167937748, -12.721472819254256 ], [ -75.092870933873783, -12.72147291760006 ], [ -75.092730766902974, -12.721335412740988 ], [ -75.092590600083042, -12.721197907805326 ], [ -75.092030132547094, -12.721198103011044 ], [ -75.091889966177575, -12.721060597700314 ], [ -75.09174979995899, -12.720923092313011 ], [ -75.091609633891295, -12.720785586849113 ], [ -75.091469467974505, -12.720648081308635 ], [ -75.091329400569066, -12.720785683559837 ], [ -75.091329695664271, -12.721611007130381 ], [ -75.09118962765865, -12.721748609301841 ], [ -75.091049559502125, -12.721886211398877 ], [ -75.091049657572256, -12.722161319240776 ], [ -75.090909589115043, -12.722298921261586 ], [ -75.090629354127017, -12.722299017243371 ], [ -75.0904892853668, -12.722436619042671 ], [ -75.09034921645565, -12.722574220767532 ], [ -75.089508510565523, -12.722574506052316 ], [ -75.08936844104727, -12.722712107261415 ], [ -75.089368537313121, -12.722987215098993 ], [ -75.089228467494124, -12.723124816231834 ], [ -75.089088397524208, -12.723262417290224 ], [ -75.08894832740333, -12.723400018274132 ], [ -75.088808257131532, -12.723537619183599 ], [ -75.088668186708787, -12.723675220018594 ], [ -75.086706531054062, -12.72367586914641 ], [ -75.086566459416048, -12.723813468876912 ], [ -75.086426387627071, -12.723951068532921 ], [ -75.086146150792089, -12.723951159785706 ], [ -75.086005986047965, -12.723813651380446 ], [ -75.085865821454789, -12.723676142898656 ], [ -75.085585584917368, -12.723676233556683 ], [ -75.085445420625007, -12.723538724849174 ], [ -75.085305256483565, -12.72340121606514 ], [ -75.085165092493071, -12.723263707204604 ], [ -75.08502492865351, -12.723126198267531 ], [ -75.084884764964883, -12.722988689253945 ], [ -75.08474460142719, -12.722851180163843 ], [ -75.0844643657868, -12.722851269630443 ], [ -75.084324202549908, -12.722713760314665 ], [ -75.084184039463949, -12.722576250922385 ], [ -75.084043967057241, -12.722713849335763 ], [ -75.083903894499599, -12.722851447674627 ], [ -75.083063187552952, -12.722851712518349 ], [ -75.082923114388436, -12.722989310341132 ], [ -75.08292320371352, -12.723264418219779 ], [ -75.082783130248188, -12.723402015966141 ], [ -75.082643056631909, -12.723539613637984 ], [ -75.082502982864682, -12.723677211235286 ], [ -75.081942509736862, -12.723677385142357 ], [ -75.081802347393008, -12.723539874495682 ], [ -75.081662185200074, -12.723402363772522 ], [ -75.081381948932886, -12.723402449983231 ], [ -75.081241787040824, -12.723264939034479 ], [ -75.081101625299681, -12.723127428009233 ], [ -75.080541153358809, -12.723127598945078 ], [ -75.080401078676687, -12.723265195441108 ], [ -75.080261003843646, -12.723402791862554 ], [ -75.080120928859657, -12.723540388209456 ], [ -75.079980853724734, -12.723677984481784 ], [ -75.079840778438864, -12.723815580679542 ], [ -75.079700703002061, -12.723953176802727 ], [ -75.079560627414295, -12.724090772851337 ], [ -75.079420551675597, -12.724228368825365 ], [ -75.07928047578595, -12.724365964724814 ], [ -75.079280561196725, -12.724641072599821 ], [ -75.079140485006164, -12.724778668422768 ], [ -75.079000408664655, -12.724916264171126 ], [ -75.078860332172184, -12.725053859844898 ], [ -75.078720255528737, -12.725191455444074 ], [ -75.078720509973479, -12.726016779011886 ], [ -75.078580432729154, -12.726154374530701 ], [ -75.078440355333854, -12.726291969974907 ], [ -75.078580517398052, -12.726429482373312 ], [ -75.078720679613227, -12.72656699469526 ], [ -75.078720764436085, -12.726842102528391 ], [ -75.078860926954206, -12.726979614770075 ], [ -75.079001089623333, -12.727117126935314 ], [ -75.079141252443435, -12.72725463902408 ], [ -75.079281415414528, -12.727392151036373 ], [ -75.079421578536596, -12.727529662972199 ], [ -75.079561741809684, -12.727667174831543 ], [ -75.079561913285232, -12.728217390435253 ], [ -75.079421835296941, -12.728354986380582 ], [ -75.078300868411546, -12.728355320096055 ], [ -75.078160789664267, -12.728492915377549 ], [ -75.078161042368393, -12.729318238751155 ], [ -75.078020963020037, -12.729455833952235 ], [ -75.077880883520663, -12.729593429078689 ], [ -75.07774080387027, -12.729731024130515 ], [ -75.077600724068844, -12.729868619107698 ], [ -75.077460644116414, -12.730006214010251 ], [ -75.07732056401295, -12.730143808838159 ], [ -75.07732073069171, -12.730694024368821 ], [ -75.077180650137123, -12.730831619118206 ], [ -75.077040569431503, -12.730969213792944 ], [ -75.077040652473684, -12.731244321545841 ], [ -75.07690057146695, -12.731381916143986 ], [ -75.076760490309169, -12.731519510667457 ], [ -75.076900654360998, -12.73165702388922 ], [ -75.077040818563873, -12.731794537034508 ], [ -75.077180982917795, -12.731932050103323 ], [ -75.077321147422765, -12.732069563095658 ], [ -75.077321230774828, -12.732344670823915 ], [ -75.077461395582873, -12.732482183736007 ], [ -75.077601560541979, -12.732619696571618 ], [ -75.077601978851959, -12.733995235089607 ], [ -75.077461896648458, -12.734132829963093 ], [ -75.077321814293896, -12.734270424761915 ], [ -75.077322231151754, -12.735645963117877 ], [ -75.077182147895527, -12.735783557832324 ], [ -75.076901898004692, -12.735783639383227 ], [ -75.076761814445291, -12.73592123387558 ], [ -75.0766217307348, -12.736058828293247 ], [ -75.075500729935598, -12.736059150350931 ], [ -75.075360645465764, -12.736196744104163 ], [ -75.075220560844826, -12.736334337782708 ], [ -75.074940310336132, -12.736334417260602 ], [ -75.074800225412034, -12.736472010716996 ], [ -75.074660140336846, -12.73660960409868 ], [ -75.074520055110526, -12.736747197405654 ], [ -75.074520537316673, -12.738397843215045 ], [ -75.074380451038152, -12.738535436435434 ], [ -75.074240364608499, -12.738673029581111 ], [ -75.074240524758139, -12.739223244797346 ], [ -75.07410043787695, -12.739360837864336 ], [ -75.073960350844615, -12.739498430856587 ], [ -75.073820263661133, -12.739636023774086 ], [ -75.073540009516037, -12.739636101789527 ], [ -75.073399922029324, -12.739773694484796 ], [ -75.073259834391465, -12.739911287105315 ], [ -75.073119746602472, -12.740048879651086 ], [ -75.072979658662305, -12.740186472122105 ], [ -75.07213889439106, -12.740186702617789 ], [ -75.071998805843535, -12.740324294571483 ], [ -75.071858717144863, -12.740461886450408 ], [ -75.071718628295031, -12.740599478254561 ], [ -75.071578539294023, -12.740737069983943 ], [ -75.071438450141869, -12.740874661638532 ], [ -75.07129836083854, -12.741012253218365 ], [ -75.071018105165436, -12.741012328571516 ], [ -75.07087801555889, -12.741149919929013 ], [ -75.070878092021573, -12.741425027509166 ], [ -75.070738002113586, -12.74156261878986 ], [ -75.07059791205441, -12.741700209995766 ], [ -75.070457821844087, -12.741837801126881 ], [ -75.070317655620997, -12.741700284611133 ], [ -75.070177489549081, -12.741562768018936 ], [ -75.069336720689066, -12.741562989636614 ], [ -75.069196555219222, -12.74142547252031 ], [ -75.06905638990051, -12.741287955327564 ], [ -75.068495877919617, -12.741288100991909 ], [ -75.068355713052696, -12.74115058342432 ], [ -75.068215548336951, -12.741013065780303 ], [ -75.06793529264452, -12.74101313786891 ], [ -75.067795128230244, -12.740875619999276 ], [ -75.067654963967115, -12.740738102053239 ], [ -75.06709445317837, -12.740738244743387 ], [ -75.066954289367033, -12.740600726422555 ], [ -75.066814125706856, -12.740463208025318 ], [ -75.06653387061057, -12.740463278626891 ], [ -75.066393707251862, -12.740325760004078 ], [ -75.066253544044329, -12.74018824130486 ], [ -75.065693034448003, -12.740188381021078 ], [ -75.065552871692276, -12.740050861947154 ], [ -75.065412709087681, -12.739913342796841 ], [ -75.063450927553461, -12.739913820367802 ], [ -75.063310766152384, -12.73977630009716 ], [ -75.063170604902453, -12.739638779750164 ], [ -75.062610096479588, -12.739638912931786 ], [ -75.06246993568152, -12.739501392210219 ], [ -75.062329775034598, -12.739363871412284 ], [ -75.062189614538809, -12.739226350538001 ], [ -75.062189547461145, -12.738951242863491 ], [ -75.062049387268431, -12.738813721909278 ], [ -75.061909227226863, -12.738676200878727 ], [ -75.061769067336428, -12.738538679771835 ], [ -75.061628907597111, -12.738401158588623 ], [ -75.061628841128666, -12.738126050894065 ], [ -75.061488681692396, -12.737988529630927 ], [ -75.061348522407258, -12.737851008291461 ], [ -75.061348390082614, -12.737300792870922 ], [ -75.06120823125238, -12.737163271447971 ], [ -75.06064772824837, -12.73716340044929 ], [ -75.060507569869969, -12.737025878651901 ], [ -75.060367411642659, -12.736888356778202 ], [ -75.060227253566453, -12.736750834828191 ], [ -75.060087095641379, -12.736613312801875 ], [ -75.058966092020768, -12.736613564859582 ], [ -75.058825934848215, -12.736476042160815 ], [ -75.058685777826781, -12.736338519385763 ], [ -75.058545620956451, -12.736200996534421 ], [ -75.058545557824687, -12.735925888778622 ], [ -75.058405401257289, -12.735788365847455 ], [ -75.05826524484101, -12.735650842840009 ], [ -75.058125088575807, -12.73551331975629 ], [ -75.057984932461707, -12.735375796596298 ], [ -75.057844776498698, -12.735238273360029 ], [ -75.057704620686778, -12.735100750047495 ], [ -75.057564465025962, -12.734963226658714 ], [ -75.057424309516222, -12.734825703193646 ], [ -75.057424247600494, -12.734550595403819 ], [ -75.057284092393644, -12.734413071858965 ], [ -75.056163098384431, -12.734413312006964 ], [ -75.056022943930131, -12.734275787789947 ], [ -75.055882789626892, -12.734138263496682 ], [ -75.055742635474743, -12.734000739127177 ], [ -75.05560248147367, -12.733863214681438 ], [ -75.055462327623673, -12.733725690159485 ], [ -75.055322173924736, -12.733588165561281 ], [ -75.055182020376876, -12.733450640886844 ], [ -75.055041866980076, -12.733313116136184 ], [ -75.054761619677208, -12.733313174239981 ], [ -75.05462146658185, -12.733175649264156 ], [ -75.054481313637567, -12.733038124212108 ], [ -75.054341160844345, -12.732900599083848 ], [ -75.05420100820217, -12.732763073879374 ], [ -75.054060855711057, -12.732625548598707 ], [ -75.05392070337102, -12.732488023241812 ], [ -75.053640456969021, -12.732488080155436 ], [ -75.053500304930409, -12.732350554573415 ], [ -75.053360153042846, -12.732213028915199 ], [ -75.053220001306343, -12.732075503180781 ], [ -75.053079849720888, -12.731937977370171 ], [ -75.05293969828648, -12.731800451483368 ], [ -75.052799547003104, -12.731662925520375 ], [ -75.052659395870791, -12.731525399481196 ], [ -75.052519244889524, -12.731387873365847 ], [ -75.05237909405929, -12.731250347174297 ], [ -75.05223894338009, -12.731112820906571 ], [ -75.051958698480547, -12.731112876034608 ], [ -75.051818548102773, -12.730975349541822 ], [ -75.051678397876032, -12.730837822972862 ], [ -75.051538247800337, -12.730700296327733 ], [ -75.051398097875662, -12.730562769606435 ], [ -75.05125794810202, -12.730425242808975 ], [ -75.05111779847941, -12.73028771593537 ], [ -75.050977649007834, -12.730150188985588 ], [ -75.050837499687276, -12.73001266195965 ], [ -75.050557255989503, -12.730012715600209 ], [ -75.050417106970357, -12.72987518834926 ], [ -75.050417052631758, -12.72960008042492 ], [ -75.050276903915275, -12.729462553094381 ], [ -75.050136755349826, -12.729325025687698 ], [ -75.050136701315779, -12.729049917750777 ], [ -75.049996553052992, -12.728912390264512 ], [ -75.04985640494121, -12.728774862702103 ], [ -75.049716256980417, -12.728637335063564 ], [ -75.049436014787744, -12.728637387512217 ], [ -75.04929586712835, -12.728499859648718 ], [ -75.049155719619961, -12.728362331709096 ], [ -75.048875477726796, -12.728362383563633 ], [ -75.048735330519804, -12.728224855399072 ], [ -75.048595183463817, -12.72808732715839 ], [ -75.046633492283135, -12.728087679755731 ], [ -75.046493396533933, -12.728225258371957 ], [ -75.046353300633726, -12.72836283691319 ], [ -75.04551257491471, -12.728362982693193 ], [ -75.045372429512611, -12.728225452743128 ], [ -75.045232284261502, -12.728087922716984 ], [ -75.044111317823607, -12.728088111749592 ], [ -75.043971173325247, -12.727950581052351 ], [ -75.043831028977877, -12.727813050279034 ], [ -75.04355078766649, -12.727813096498524 ], [ -75.043410643620575, -12.727675565500407 ], [ -75.043270499725622, -12.727538034426237 ], [ -75.043130355981688, -12.727400503276018 ], [ -75.04299021238873, -12.727262972049751 ], [ -75.042850068946777, -12.727125440747439 ], [ -75.042709925655799, -12.726987909369083 ], [ -75.042569782515812, -12.726850377914706 ], [ -75.042429639526802, -12.726712846384274 ], [ -75.042289496688781, -12.726575314777806 ], [ -75.042289451122159, -12.726300206753292 ], [ -75.04214930858663, -12.726162675067448 ], [ -75.042009166202064, -12.72602514330557 ], [ -75.041869023968488, -12.725887611467666 ], [ -75.041728881885874, -12.725750079553741 ], [ -75.04172883692631, -12.725474971510158 ], [ -75.04158869514616, -12.725337439516869 ], [ -75.041308456543831, -12.725337483355872 ], [ -75.041168315065079, -12.725199951137876 ], [ -75.041028173737288, -12.725062418843875 ], [ -75.04088803256046, -12.724924886473859 ], [ -75.040747891534593, -12.724787354027844 ], [ -75.040607794408416, -12.724924929570419 ], [ -75.040467697131277, -12.725062505037954 ], [ -75.040327599703176, -12.725200080430438 ], [ -75.040187502124112, -12.725337655747877 ], [ -75.039907263516639, -12.725337698104878 ], [ -75.039767165635155, -12.725475273199535 ], [ -75.039627067602694, -12.725612848219134 ], [ -75.038506111951094, -12.725613013501221 ], [ -75.038365971825499, -12.725475479799835 ], [ -75.03822583185088, -12.725337946022474 ], [ -75.03738511600487, -12.725338065979868 ], [ -75.037245016760309, -12.725475639744813 ], [ -75.037104917364786, -12.72561321343467 ], [ -75.035703722755088, -12.725613405957946 ], [ -75.035563584134493, -12.725475870770161 ], [ -75.035423445664861, -12.725338335506436 ], [ -75.03514320704123, -12.725338372824631 ], [ -75.035003068873081, -12.725200837336338 ], [ -75.034862930855894, -12.725063301772115 ], [ -75.03458269253241, -12.725063338496689 ], [ -75.034442554816721, -12.724925802707922 ], [ -75.034442443499444, -12.724100478438578 ], [ -75.034302306388852, -12.723962942564112 ], [ -75.033181357913392, -12.723963085300147 ], [ -75.033041221555834, -12.723825548755437 ], [ -75.032901085349209, -12.723688012134822 ], [ -75.032760949293547, -12.723550475438307 ], [ -75.032620813388817, -12.723412938665886 ], [ -75.030939394263569, -12.723413140313498 ], [ -75.030799292590871, -12.723550710696484 ], [ -75.030659190767224, -12.723688281004314 ], [ -75.030378953940925, -12.723688313279377 ], [ -75.030238851815028, -12.723825883364233 ], [ -75.030098749538169, -12.723963453373926 ], [ -75.029538275277972, -12.723963516443657 ], [ -75.029398140877575, -12.72382597796777 ], [ -75.029258006628126, -12.723688439416016 ], [ -75.029117872529611, -12.723550900788409 ], [ -75.028977738582043, -12.723413362084935 ], [ -75.028837604785423, -12.723275823305629 ], [ -75.028697471139722, -12.723138284450448 ], [ -75.028557337644969, -12.723000745519421 ], [ -75.028417204301149, -12.722863206512542 ], [ -75.028277071108249, -12.722725667429817 ], [ -75.028136938066297, -12.722588128271251 ], [ -75.027856702440843, -12.722588157876421 ], [ -75.027716569700388, -12.722450618493516 ], [ -75.027576437110852, -12.722313079034777 ], [ -75.025334554491934, -12.722313302832438 ], [ -75.025194423258071, -12.722175762110087 ], [ -75.025054292175113, -12.722038221311914 ], [ -75.024493822116298, -12.722038273704227 ], [ -75.024353691485487, -12.721900732533349 ], [ -75.02421356100561, -12.721763191286684 ], [ -75.023933326276477, -12.721763216741467 ], [ -75.023793196098126, -12.721625675270568 ], [ -75.023653066070693, -12.721488133723886 ], [ -75.023372831642206, -12.721488158585489 ], [ -75.023232701916299, -12.721350616814592 ], [ -75.023092572341312, -12.721213074967924 ], [ -75.022812338213484, -12.721213099236369 ], [ -75.022672233358819, -12.721350665352018 ], [ -75.022532128353262, -12.721488231392442 ], [ -75.022251893922459, -12.721488255068811 ], [ -75.022111788614765, -12.721625820886098 ], [ -75.021971683156167, -12.721763386628149 ], [ -75.021831577546649, -12.721900952294952 ], [ -75.021691471786212, -12.722038517886508 ], [ -75.021551365874856, -12.722176083402818 ], [ -75.021411259812581, -12.722313648843855 ], [ -75.021271153599372, -12.722451214209658 ], [ -75.021271222338086, -12.723276538674366 ], [ -75.021131115521968, -12.723414103957092 ], [ -75.020991008554887, -12.72355166916457 ], [ -75.020850901436873, -12.723689234296783 ], [ -75.020710794167925, -12.723826799353727 ], [ -75.020570686748016, -12.723964364335396 ], [ -75.020290449596686, -12.723964385941949 ], [ -75.02015034187464, -12.724101950700403 ], [ -75.020010234001646, -12.724239515383573 ], [ -75.019729996547397, -12.724239536397858 ], [ -75.019589888372252, -12.724377100857794 ], [ -75.019449780046145, -12.724514665242443 ], [ -75.018889304531399, -12.724514705790046 ], [ -75.018749195751951, -12.724652269803455 ], [ -75.018609086821542, -12.724789833741578 ], [ -75.018468977740184, -12.724927397604397 ], [ -75.01846899763818, -12.72520250571838 ], [ -75.018328888255127, -12.725340069503265 ], [ -75.017488172259434, -12.725340126327339 ], [ -75.017348043581109, -12.725202581482968 ], [ -75.017207915053746, -12.725065036562871 ], [ -75.01706778667733, -12.724927491567042 ], [ -75.017067749901869, -12.724377275317797 ], [ -75.016927621978752, -12.724239730240143 ], [ -75.016787494206611, -12.724102185086771 ], [ -75.016647366585389, -12.723964639857684 ], [ -75.01636712942755, -12.72396465731509 ], [ -75.01622700210801, -12.723827111861912 ], [ -75.016086874939447, -12.72368956633302 ], [ -75.015946747921816, -12.723552020728432 ], [ -75.015946730743522, -12.723276912576603 ], [ -75.015806604027972, -12.723139366893266 ], [ -75.015666477463341, -12.723001821134234 ], [ -75.015526351049658, -12.722864275299505 ], [ -75.015386224786909, -12.722726729389086 ], [ -75.015246098675092, -12.72258918340297 ], [ -75.015105972714196, -12.722451637341166 ], [ -75.014965846904232, -12.722314091203678 ], [ -75.014825721245202, -12.722176544990525 ], [ -75.014825705276294, -12.72190143680872 ], [ -75.014685579919274, -12.721763890516844 ], [ -75.014545454713186, -12.721626344149286 ], [ -75.01454543904687, -12.721351235955733 ], [ -75.014405314142792, -12.721213689509483 ], [ -75.013564611714585, -12.721213733869874 ], [ -75.013424501872279, -12.721351295103581 ], [ -75.013284391879083, -12.721488856261947 ], [ -75.013004157433485, -12.721488870160149 ], [ -75.012864033282938, -12.721351322899675 ], [ -75.012723909283295, -12.721213775563548 ], [ -75.011602972703784, -12.721213827006899 ], [ -75.011462861803992, -12.721351387204578 ], [ -75.011322750753294, -12.721488947326895 ], [ -75.008240171814009, -12.721489061094454 ], [ -75.008100058950987, -12.721626619512955 ], [ -75.007959945937031, -12.721764177856056 ], [ -75.007399476431942, -12.721764194096806 ], [ -75.007259362965044, -12.721901752068355 ], [ -75.007119249347227, -12.722039309964487 ], [ -75.00697913557849, -12.722176867785198 ], [ -75.00683902165882, -12.722314425530467 ], [ -75.00669890758823, -12.722451983200324 ], [ -75.006698914804019, -12.722727091378093 ], [ -75.006558800431648, -12.722864648969752 ], [ -75.006418685908358, -12.72300220648598 ], [ -75.006278571234134, -12.723139763926769 ], [ -75.006138456408976, -12.72327732129212 ], [ -75.0061384630215, -12.723552429453072 ], [ -75.005998347894518, -12.723689986740203 ], [ -75.005858232616617, -12.723827543951888 ], [ -75.005858238927573, -12.724102652101596 ], [ -75.005718123347833, -12.724240209235054 ], [ -75.00557800761716, -12.724377766293061 ], [ -75.005578019635948, -12.724927982564221 ], [ -75.005437903452545, -12.725065539541205 ], [ -75.005297787118195, -12.725203096442723 ], [ -75.005297792826013, -12.725478204564187 ], [ -75.005157676189796, -12.725615761387457 ], [ -75.005017559402603, -12.725753318135242 ], [ -75.004877442464448, -12.725890874807572 ], [ -75.004737325375302, -12.726028431404433 ], [ -75.004737330479628, -12.726303539509027 ], [ -75.004597213088601, -12.726441096027619 ], [ -75.004457095546599, -12.726578652470733 ], [ -75.0044571003492, -12.72685376056403 ], [ -75.004316982505301, -12.726991316928846 ], [ -75.004176864510399, -12.727128873218197 ], [ -75.00417686901126, -12.727403981300185 ], [ -75.004036750714434, -12.727541537511247 ], [ -75.003896632266631, -12.727679093646811 ], [ -75.003756513667824, -12.727816649706883 ], [ -75.003616394918012, -12.727954205691463 ], [ -75.003476276017224, -12.728091761600522 ], [ -75.003196034318407, -12.728091765129832 ], [ -75.003055915115567, -12.728229320815212 ], [ -75.002915795761723, -12.728366876425085 ], [ -75.002775676256874, -12.728504431959445 ], [ -75.002635556601035, -12.728641987418301 ], [ -75.001514587388527, -12.728641996199523 ], [ -75.001374466977538, -12.728779550989985 ], [ -75.001234346415544, -12.728917105704928 ], [ -75.000954103810258, -12.728917106862577 ], [ -75.000813982946227, -12.729054661353748 ], [ -75.00067386193119, -12.729192215769361 ], [ -74.999272647394406, -12.729192215627881 ], [ -74.999132526408189, -12.729054661183973 ], [ -74.999132527343079, -12.728779553135494 ], [ -74.998992406658871, -12.728641998613186 ], [ -74.998852286125668, -12.728504444015345 ], [ -74.998852287362524, -12.728229335955486 ], [ -74.998712167131302, -12.728091781279279 ], [ -74.998572047051098, -12.72795422652756 ], [ -74.998431927121885, -12.727816671700296 ], [ -74.998291807343676, -12.727679116797516 ], [ -74.998151687716444, -12.72754156181921 ], [ -74.99801156824023, -12.727404006765392 ], [ -74.998011570382886, -12.727128898682832 ], [ -74.99787145120861, -12.726991343550667 ], [ -74.997310970226408, -12.726991338454598 ], [ -74.997170851505132, -12.726853782950563 ], [ -74.99703073293486, -12.726716227371007 ], [ -74.996890614515564, -12.726578671715954 ], [ -74.996750496247259, -12.726441115985407 ], [ -74.996610378129915, -12.726303560179362 ], [ -74.996470260163562, -12.726166004297825 ], [ -74.99619002057868, -12.726166000416072 ], [ -74.996049902914308, -12.726028444310877 ], [ -74.996049919937761, -12.724928011834347 ], [ -74.995909803028027, -12.724790455642458 ], [ -74.995769686269256, -12.724652899375098 ], [ -74.995629569661432, -12.724515343032282 ], [ -74.994788856342794, -12.724515327832 ], [ -74.99464874033896, -12.724377770969303 ], [ -74.994508624486087, -12.724240214031147 ], [ -74.99436850271735, -12.724377765161652 ], [ -74.994228380797665, -12.724515316216573 ], [ -74.994088265095883, -12.724377759057628 ], [ -74.993948149545048, -12.724240201823228 ], [ -74.993808027474572, -12.724377752657224 ], [ -74.993667905253119, -12.724515303415624 ], [ -74.993387667481088, -12.72451529657058 ], [ -74.993247544957825, -12.7246528471051 ], [ -74.9931074222836, -12.724790397564036 ], [ -74.992967307035087, -12.724652839815404 ], [ -74.992827191937536, -12.724515281991344 ], [ -74.992687076990933, -12.724377724091836 ], [ -74.992687092747175, -12.723827507799733 ], [ -74.99254697825323, -12.723689949819265 ], [ -74.992406863910247, -12.723552391763368 ], [ -74.992406872089774, -12.723277283603258 ], [ -74.992266758048558, -12.723139725469171 ], [ -74.992126644158276, -12.723002167259672 ], [ -74.992126669600751, -12.72217684272854 ], [ -74.99198655631389, -12.72203928443535 ], [ -74.991426086206005, -12.72203926689583 ], [ -74.991285973372115, -12.721901708231107 ], [ -74.991285982757844, -12.72162660003754 ], [ -74.991145870225694, -12.721489041294669 ], [ -74.990024932428184, -12.721489001476266 ], [ -74.989884820651085, -12.72135144206583 ], [ -74.989884831545496, -12.721076333861976 ], [ -74.989744720070078, -12.720938774373446 ], [ -74.989604608745566, -12.720801214809521 ], [ -74.989464497571944, -12.720663655170219 ], [ -74.988904030486665, -12.72066363229947 ], [ -74.988763919766043, -12.720526072288767 ], [ -74.988623809196326, -12.720388512202705 ], [ -74.9884836987775, -12.720250952041274 ], [ -74.988343588509593, -12.720113391804489 ], [ -74.988203478392577, -12.719975831492345 ], [ -74.988063368426452, -12.719838271104866 ], [ -74.987222670519515, -12.719838231912613 ], [ -74.987082561157436, -12.719700671005805 ], [ -74.986942451946234, -12.719563110023655 ], [ -74.986802342885937, -12.719425548966175 ], [ -74.986662233976531, -12.71928798783336 ], [ -74.986382001945728, -12.719287973584837 ], [ -74.986241893338274, -12.719150412228721 ], [ -74.986101784881683, -12.719012850797283 ], [ -74.985961676575982, -12.718875289290523 ], [ -74.985821568421159, -12.718737727708435 ], [ -74.985681460417211, -12.718600166051054 ], [ -74.985681491253104, -12.718049949532306 ], [ -74.985541383701417, -12.717912387794231 ], [ -74.985401276300607, -12.717774825980843 ], [ -74.985261169050659, -12.717637264092152 ], [ -74.985121061951588, -12.717499702128173 ], [ -74.985121110010851, -12.716674377275185 ], [ -74.984981003514648, -12.716536815227867 ], [ -74.984840897169278, -12.716399253105255 ], [ -74.98470079097477, -12.716261690907368 ], [ -74.984560684931111, -12.716124128634174 ], [ -74.984420579038286, -12.715986566285693 ], [ -74.984280473296309, -12.715849003861928 ], [ -74.984280490219234, -12.71557389555019 ], [ -74.98414038477874, -12.715436333048476 ], [ -74.984000279489081, -12.71529877047149 ], [ -74.983860174350255, -12.715161207819246 ], [ -74.983579946849034, -12.715161190613935 ], [ -74.983439824184956, -12.715298736060486 ], [ -74.983299701370044, -12.715436281431398 ], [ -74.983019473567978, -12.715436263633379 ], [ -74.982879368882493, -12.715298700464844 ], [ -74.982739264347856, -12.715161137221068 ], [ -74.982459036848311, -12.715161118831139 ], [ -74.982318932615556, -12.715023555364214 ], [ -74.982178828533634, -12.714885991822035 ], [ -74.982038705267527, -12.715023536530257 ], [ -74.981898581850587, -12.715161081162805 ], [ -74.981057899357438, -12.715161022439135 ], [ -74.980917775337858, -12.715298566551089 ], [ -74.980917754795243, -12.715573674863597 ], [ -74.980777630473753, -12.715711218896807 ], [ -74.980637506001429, -12.715848762854327 ], [ -74.980497381378257, -12.715986306736145 ], [ -74.980217152977445, -12.715986285975575 ], [ -74.980077028052833, -12.716123829633377 ], [ -74.980077006603693, -12.716398937927391 ], [ -74.979936881377128, -12.716536481506404 ], [ -74.979796755999715, -12.716674025009704 ], [ -74.979656630471467, -12.716811568437294 ], [ -74.979376401167059, -12.716811546786747 ], [ -74.979236275337342, -12.716949089990282 ], [ -74.979236252981551, -12.717224198265779 ], [ -74.979096126849868, -12.717361741390501 ], [ -74.978815896943075, -12.717361719146567 ], [ -74.978675770509923, -12.717499262047209 ], [ -74.978535643925923, -12.717636804872107 ], [ -74.978255413718472, -12.717636782035248 ], [ -74.978115286833017, -12.717774324636066 ], [ -74.977975159796685, -12.717911867161149 ], [ -74.977835032609477, -12.718049409610487 ], [ -74.977694905271406, -12.718186951984084 ], [ -74.976854212845367, -12.718186879915693 ], [ -74.976714084904685, -12.718324421768399 ], [ -74.976573956813098, -12.718461963545341 ], [ -74.976433828570649, -12.718599505246521 ], [ -74.976573931587737, -12.718737071784521 ], [ -74.97671403475573, -12.718874638247325 ], [ -74.976713909373075, -12.720250179344927 ], [ -74.97657378022322, -12.720387721099994 ], [ -74.976433650922473, -12.720525262779285 ], [ -74.976433346314977, -12.723826560757061 ], [ -74.976573452193776, -12.723964127246189 ], [ -74.976713558223508, -12.724101693660081 ], [ -74.976713533137001, -12.724376801782697 ], [ -74.976573401718838, -12.724514343490865 ], [ -74.976433270149727, -12.724651885123228 ], [ -74.976433219369909, -12.725202101338843 ], [ -74.976293087347329, -12.725339642889157 ], [ -74.976152955173788, -12.725477184363667 ], [ -74.976293061805279, -12.725614750985281 ], [ -74.976433168587747, -12.725752317531628 ], [ -74.976433143195749, -12.726027425619476 ], [ -74.97629301071936, -12.726164967160404 ], [ -74.976012771159475, -12.72616494193637 ], [ -74.975872638381432, -12.72630248325299 ], [ -74.975732505452427, -12.726440024493797 ], [ -74.975592372372432, -12.726577565658785 ], [ -74.975732479304057, -12.72671513256598 ], [ -74.975872586386657, -12.726852699397927 ], [ -74.976012693620234, -12.726990266154607 ], [ -74.976152801004815, -12.727127832836052 ], [ -74.976292908540373, -12.72726539944224 ], [ -74.976433016226906, -12.72740296597317 ], [ -74.976432990831356, -12.727678074026803 ], [ -74.976573098819586, -12.7278156404799 ], [ -74.97671320695882, -12.727953206857734 ], [ -74.976853315249045, -12.728090773160284 ], [ -74.97699342369026, -12.728228339387581 ], [ -74.976993324513487, -12.729328771503836 ], [ -74.977133433708602, -12.729466337645539 ], [ -74.977273543054707, -12.729603903711956 ], [ -74.977273518560537, -12.729879011721602 ], [ -74.97741362820841, -12.730016577710156 ], [ -74.977553738007302, -12.730154143623418 ], [ -74.977693847957227, -12.730291709461392 ], [ -74.977833958058199, -12.73042927522406 ], [ -74.977833934166412, -12.730704383217653 ], [ -74.977974044569152, -12.730841948902444 ], [ -74.978114155122924, -12.730979514511942 ], [ -74.978114131532095, -12.731254622494644 ], [ -74.978254242387678, -12.731392188026243 ], [ -74.978394353394279, -12.731529753482521 ], [ -74.978534464551942, -12.731667318863504 ], [ -74.978674575860651, -12.731804884169176 ], [ -74.978674552872363, -12.732079992135789 ], [ -74.978814664482911, -12.732217557363546 ], [ -74.978954776244493, -12.732355122515987 ], [ -74.978954730869461, -12.732905338421665 ], [ -74.979094843083701, -12.733042903493576 ], [ -74.979234955448987, -12.733180468490161 ], [ -74.979234910675046, -12.733730684362614 ], [ -74.979094775469591, -12.7338682273015 ], [ -74.978954640113045, -12.734005770164579 ], [ -74.978954617422616, -12.73428087808605 ], [ -74.978814481763649, -12.734418420870197 ], [ -74.978674345953607, -12.734555963578519 ], [ -74.978674322959947, -12.734831071488074 ], [ -74.978534186847469, -12.734968614117458 ], [ -74.978394050583901, -12.73510615667098 ], [ -74.978394027286981, -12.73538126456862 ], [ -74.978253890720964, -12.735518807043212 ], [ -74.978113754003843, -12.735656349441959 ], [ -74.978113635997275, -12.737031888813437 ], [ -74.978253750019704, -12.737169454290536 ], [ -74.978393864193251, -12.737307019692286 ], [ -74.97853397851793, -12.737444585018682 ], [ -74.9793747343722, -12.737444651859279 ], [ -74.979514849302149, -12.737582216666048 ], [ -74.979654964383215, -12.737719781397457 ], [ -74.9797950796154, -12.737857346053506 ], [ -74.979935194998703, -12.737994910634187 ], [ -74.980215447556688, -12.73799493172856 ], [ -74.980355563242512, -12.738132496085758 ], [ -74.980495679079453, -12.738270060367586 ], [ -74.980635795067542, -12.738407624574036 ], [ -74.980775911206749, -12.738545188705094 ], [ -74.980916027497088, -12.738682752760791 ], [ -74.981056143938574, -12.738820316741101 ], [ -74.9813363974053, -12.738820336649988 ], [ -74.981476514149293, -12.738957900406776 ], [ -74.98147649416984, -12.739233008229727 ], [ -74.981336357144116, -12.739370552295451 ], [ -74.981196219967245, -12.739508096285347 ], [ -74.981196159117758, -12.740333419701489 ], [ -74.981336276616076, -12.740470983517866 ], [ -74.981476394265556, -12.740608547258844 ], [ -74.981476314333719, -12.741708978379384 ], [ -74.98133617594543, -12.74184652241745 ], [ -74.981055919153249, -12.74184650250368 ], [ -74.980915780462865, -12.741984046317258 ], [ -74.980775641621292, -12.742121590055 ], [ -74.980495384527714, -12.742121569547177 ], [ -74.980355245384033, -12.742259113060431 ], [ -74.980215106089176, -12.742396656497821 ], [ -74.980074966643116, -12.74253419985935 ], [ -74.979934827045881, -12.742671743145014 ], [ -74.979794687297471, -12.742809286354804 ], [ -74.979654547397843, -12.742946829488728 ], [ -74.979514407347054, -12.743084372546781 ], [ -74.979514385243874, -12.743359480280859 ], [ -74.979374244890423, -12.743497023259936 ], [ -74.979234104385782, -12.743634566163131 ], [ -74.979234059572022, -12.744184781601804 ], [ -74.979093918613245, -12.7443223244229 ], [ -74.978533399594539, -12.744322279540802 ], [ -74.978393258182678, -12.744459821988665 ], [ -74.978393234867212, -12.744734929692227 ], [ -74.978253093152645, -12.744872472061079 ], [ -74.97811295128686, -12.74501001435403 ], [ -74.978112927667894, -12.745285122045658 ], [ -74.977972785499389, -12.745422664259593 ], [ -74.977832643179681, -12.745560206397599 ], [ -74.977832595334036, -12.746110421751268 ], [ -74.977692452560078, -12.746247963807141 ], [ -74.977552309634888, -12.746385505787103 ], [ -74.977552285408194, -12.746660613449116 ], [ -74.977412142180242, -12.746798155350033 ], [ -74.977271998801072, -12.746935697175031 ], [ -74.977271949739858, -12.747485912469468 ], [ -74.977131805906367, -12.74762345421229 ], [ -74.97699166192163, -12.747760995879178 ], [ -74.976851517785619, -12.747898537470117 ], [ -74.976711373498375, -12.748036078985134 ], [ -74.976571229059871, -12.748173620424216 ], [ -74.976431084470107, -12.748311161787351 ], [ -74.976430906372357, -12.750236915006504 ], [ -74.976571026729758, -12.750374481248327 ], [ -74.977411825211547, -12.750374554396037 ], [ -74.977551946174955, -12.750512120117765 ], [ -74.977692067289667, -12.750649685764074 ], [ -74.977832188555652, -12.750787251334973 ], [ -74.977972309972941, -12.750924816830445 ], [ -74.978112455172109, -12.750787274678812 ], [ -74.978252600219989, -12.750649732451237 ], [ -74.978532866685981, -12.750649755349302 ], [ -74.978672988406657, -12.750787320475457 ], [ -74.978813110278651, -12.750924885526175 ], [ -74.979093377048301, -12.750924907830719 ], [ -74.979233499223128, -12.75106247265775 ], [ -74.979233431959244, -12.751887795344558 ], [ -74.979373554738501, -12.752025360088313 ], [ -74.979513677669061, -12.752162924756622 ], [ -74.979653800750924, -12.752300489349476 ], [ -74.980214337319865, -12.752300531884194 ], [ -74.980354460856177, -12.752438096105008 ], [ -74.980354439643307, -12.752713203646337 ], [ -74.980214294591491, -12.752850746966374 ], [ -74.980074149388372, -12.752988290210478 ], [ -74.980074063319321, -12.754088720293927 ], [ -74.980214187761803, -12.754226284571855 ], [ -74.980354312355644, -12.754363848774318 ], [ -74.980494437100802, -12.754501412901307 ], [ -74.980634561997306, -12.754638976952826 ], [ -74.980774687045155, -12.754776540928852 ], [ -74.980914812244336, -12.75491410482941 ], [ -74.981054937594877, -12.755051668654495 ], [ -74.981615480221848, -12.755051708227532 ], [ -74.981755606026894, -12.755189271680448 ], [ -74.981895731983272, -12.755326835057877 ], [ -74.982035858091024, -12.755464398359809 ], [ -74.982175984350121, -12.75560196158624 ], [ -74.98231611076055, -12.755739524737175 ], [ -74.982316091660721, -12.756014632213001 ], [ -74.982456218373656, -12.756152195285782 ], [ -74.982596345237937, -12.756289758283055 ], [ -74.982596176040147, -12.758765725260742 ], [ -74.982456028862316, -12.758903269703376 ], [ -74.982315881533097, -12.759040814070071 ], [ -74.982315843322269, -12.759591028878857 ], [ -74.982175695538402, -12.759728573163477 ], [ -74.982035547603118, -12.759866117372146 ], [ -74.981895399516432, -12.76000366150487 ], [ -74.981755251278329, -12.760141205561641 ], [ -74.981755231565714, -12.760416312945186 ], [ -74.98161508302455, -12.760553856922913 ], [ -74.981474934331985, -12.760691400824697 ], [ -74.981474914315598, -12.760966508196377 ], [ -74.981334765319957, -12.761104052019125 ], [ -74.981194616172886, -12.761241595765902 ], [ -74.981194575532044, -12.76179181047978 ], [ -74.981054425930211, -12.761929354144431 ], [ -74.980914276176961, -12.76206689773311 ], [ -74.980914234927511, -12.762617112411803 ], [ -74.981054364510371, -12.762754676163144 ], [ -74.981194494244676, -12.762892239838939 ], [ -74.98133462413044, -12.763029803439215 ], [ -74.981474754167635, -12.763167366963961 ], [ -74.981474694104435, -12.763992688907472 ], [ -74.981614824746771, -12.764130252348735 ], [ -74.981754955540552, -12.764267815714469 ], [ -74.981754916101025, -12.764818030304323 ], [ -74.98161476513306, -12.764955574232863 ], [ -74.981474614013635, -12.765093118085419 ], [ -74.981474593989759, -12.765368225365599 ], [ -74.981334442567132, -12.765505769139089 ], [ -74.981194290993031, -12.765643312836589 ], [ -74.981054139267457, -12.765780856458093 ], [ -74.980773856144296, -12.765780836208329 ], [ -74.980633704115988, -12.765918379604924 ], [ -74.980493551936206, -12.766055922925519 ], [ -74.980353399604923, -12.766193466170105 ], [ -74.980353378367241, -12.766468573425605 ], [ -74.980213225732726, -12.766606116591094 ], [ -74.980073072946723, -12.76674365968057 ], [ -74.980073051405057, -12.767018766924181 ], [ -74.979932898315809, -12.767156309934549 ], [ -74.979792745075045, -12.767293852868894 ], [ -74.979652591682793, -12.76743139572722 ], [ -74.979512438139025, -12.767568938509507 ], [ -74.979512371689864, -12.768394260168844 ], [ -74.979372217539265, -12.768531802865816 ], [ -74.979232063237163, -12.768669345486753 ], [ -74.979091908783531, -12.768806888031634 ], [ -74.978951754178354, -12.768944430500499 ], [ -74.97895173142048, -12.769219537696415 ], [ -74.978811576512001, -12.769357080086126 ], [ -74.978531289453741, -12.769357057450829 ], [ -74.978391134242472, -12.769494599615514 ], [ -74.978250978879686, -12.769632141704145 ], [ -74.978110823365355, -12.769769683716726 ], [ -74.977970667699481, -12.769907225653235 ], [ -74.97783051188209, -12.770044767513697 ], [ -74.97769035591314, -12.7701823092981 ], [ -74.97755019979266, -12.770319851006445 ], [ -74.977550151240109, -12.770870065330222 ], [ -74.977409994664427, -12.771007606956241 ], [ -74.977269837937186, -12.771145148506175 ], [ -74.97726973961052, -12.772245577060035 ], [ -74.977129582124348, -12.772383118521391 ], [ -74.976989424486575, -12.772520659906666 ], [ -74.976989349824379, -12.77334598124321 ], [ -74.977129483181045, -12.773483546971182 ], [ -74.977269616689284, -12.773621112623626 ], [ -74.977269542929662, -12.774446433893125 ], [ -74.977409677043411, -12.774583999462214 ], [ -74.977549811308734, -12.774721564955758 ], [ -74.977409652607022, -12.774859106538008 ], [ -74.97726949375371, -12.774996648044159 ], [ -74.977129334748781, -12.775134189474215 ], [ -74.976989175592266, -12.775271730828168 ], [ -74.97684901628412, -12.775409272106021 ], [ -74.976708856824388, -12.775546813307765 ], [ -74.97656869721304, -12.775684354433389 ], [ -74.976428537450076, -12.775821895482919 ], [ -74.976428511949834, -12.776097002531051 ], [ -74.976288351883341, -12.776234543501328 ], [ -74.976148191665246, -12.776372084395485 ], [ -74.97614816586055, -12.776647191431612 ], [ -74.976008005338898, -12.776784732246512 ], [ -74.975867844665615, -12.776922272985262 ], [ -74.97586781855648, -12.777197380009376 ], [ -74.97600795342386, -12.777334946295285 ], [ -74.976148088442883, -12.777472512505637 ], [ -74.976148036828093, -12.778022726526361 ], [ -74.976288172301437, -12.778160292655985 ], [ -74.976428307926398, -12.77829785871004 ], [ -74.976428256914602, -12.77884807269756 ], [ -74.976288095328769, -12.778985613636424 ], [ -74.976147933591292, -12.779123154499155 ], [ -74.976007771702157, -12.779260695285735 ], [ -74.975867609661364, -12.77939823599619 ], [ -74.975727447468927, -12.779535776630505 ], [ -74.975447149198956, -12.779535750701829 ], [ -74.975306986703501, -12.779673291110857 ], [ -74.975166824056359, -12.77981083144374 ], [ -74.975026688282796, -12.779673264735333 ], [ -74.974886552660905, -12.779535697951365 ], [ -74.974606254392825, -12.779535671129576 ], [ -74.974466091443318, -12.77967321109116 ], [ -74.974325928342154, -12.779810750976585 ], [ -74.974185765089331, -12.77994829078585 ], [ -74.974045601684836, -12.780085830518948 ], [ -74.973905438128668, -12.780223370175877 ], [ -74.973765274420842, -12.780360909756622 ], [ -74.973625110561329, -12.780498449261215 ], [ -74.973484946550158, -12.780635988689626 ], [ -74.973344782387301, -12.780773528041866 ], [ -74.973204618072785, -12.780911067317925 ], [ -74.973064453606568, -12.781048606517802 ], [ -74.972924288988693, -12.781186145641493 ], [ -74.972784124219118, -12.781323684688996 ], [ -74.972643959297855, -12.781461223660317 ], [ -74.972363658911689, -12.781461194452351 ], [ -74.972223493687409, -12.781598733198257 ], [ -74.972223463623976, -12.781873840117086 ], [ -74.972363599088212, -12.782011408290643 ], [ -74.972503734704148, -12.782148976388662 ], [ -74.972503615654233, -12.783249403986405 ], [ -74.972643752027281, -12.783386971998718 ], [ -74.97278388855203, -12.78352453993547 ], [ -74.97278380016553, -12.784349860558407 ], [ -74.972643633571749, -12.784487399494685 ], [ -74.972363329848051, -12.784487370279578 ], [ -74.972223193021591, -12.784349802128842 ], [ -74.972083056346875, -12.784212233902551 ], [ -74.971942889450673, -12.784349772467332 ], [ -74.971802722402757, -12.784487310955896 ], [ -74.971522418681189, -12.784487280847321 ], [ -74.971382251330198, -12.784624819110419 ], [ -74.971242083827462, -12.784762357297289 ], [ -74.971101916173012, -12.784899895407928 ], [ -74.971242052693853, -12.785037464147916 ], [ -74.971382189366452, -12.78517503281236 ], [ -74.971382127399821, -12.785725246491413 ], [ -74.971241959288704, -12.785862784665474 ], [ -74.971101791025859, -12.786000322763302 ], [ -74.970961622611256, -12.786137860784873 ], [ -74.970821454044895, -12.78627539873022 ], [ -74.970821359264164, -12.787100719167386 ], [ -74.970681190089692, -12.787238257026862 ], [ -74.970541020763477, -12.787375794810071 ], [ -74.970540988864158, -12.787650901604584 ], [ -74.970681126594584, -12.787788470616563 ], [ -74.970821264476797, -12.787926039552978 ], [ -74.970681094845929, -12.788063577402829 ], [ -74.97054092506329, -12.788201115176424 ], [ -74.97054089316174, -12.788476221953736 ], [ -74.970400723075187, -12.788613759647857 ], [ -74.970260552836862, -12.788751297265721 ], [ -74.970120382446751, -12.78888883480732 ], [ -74.969980211904854, -12.78902637227265 ], [ -74.969840041211171, -12.78916390966171 ], [ -74.969279423459838, -12.789163844952771 ], [ -74.969139252311578, -12.789301381966904 ], [ -74.968999081011532, -12.789438918904754 ], [ -74.968858909559685, -12.789576455766321 ], [ -74.968718737956067, -12.789713992551581 ], [ -74.968578566200648, -12.789851529260572 ], [ -74.968438394293429, -12.789989065893272 ], [ -74.968298222234424, -12.790126602449675 ], [ -74.968158050023618, -12.790264138929784 ], [ -74.968017877661012, -12.790401675333596 ], [ -74.96787770514662, -12.790539211661104 ], [ -74.967737532480399, -12.790676747912311 ], [ -74.967737392698069, -12.791777174751838 ], [ -74.967877531177734, -12.791914745212418 ], [ -74.968017669809242, -12.792052315597429 ], [ -74.968157808592565, -12.7921898859069 ], [ -74.968297947527716, -12.792327456140812 ], [ -74.968438086614668, -12.792465026299162 ], [ -74.968578225853477, -12.792602596381951 ], [ -74.968718365244101, -12.792740166389168 ], [ -74.968858504786553, -12.792877736320822 ], [ -74.968858234874872, -12.795078589565419 ], [ -74.968718060226848, -12.795216126286023 ], [ -74.968577885426939, -12.79535366293031 ], [ -74.968577681132928, -12.79700430258422 ], [ -74.968437505267531, -12.797141839132752 ], [ -74.968297329250234, -12.797279375604955 ], [ -74.968297157460441, -12.79865490845987 ], [ -74.968437300031169, -12.798792478560898 ], [ -74.968577442753812, -12.79893004858631 ], [ -74.968717585628355, -12.799067618536133 ], [ -74.968857728654797, -12.799205188410347 ], [ -74.968857661145435, -12.799755401492231 ], [ -74.968717483908534, -12.799892938157848 ], [ -74.96857730651972, -12.800030474747123 ], [ -74.968577136209234, -12.801406007319102 ], [ -74.968717280447549, -12.801543577246452 ], [ -74.968857424837807, -12.801681147098183 ], [ -74.968857357314278, -12.802231360076863 ], [ -74.96899750215961, -12.802368929847967 ], [ -74.969137647156884, -12.802506499543426 ], [ -74.969137546775087, -12.80333181895343 ], [ -74.969277692379052, -12.803469388565759 ], [ -74.969417838134973, -12.803606958102433 ], [ -74.969417771816225, -12.804157171003748 ], [ -74.969277592444982, -12.804294707916625 ], [ -74.969137412921768, -12.804432244753132 ], [ -74.968997233246583, -12.804569781513269 ], [ -74.968857053419413, -12.80470731819703 ], [ -74.968716873440258, -12.80484485480439 ], [ -74.968576693309103, -12.804982391335392 ], [ -74.968576659234301, -12.80525749775804 ], [ -74.968436478798779, -12.805395034209415 ], [ -74.968296298211271, -12.805532570584404 ], [ -74.96815611747175, -12.805670106883001 ], [ -74.968015936580244, -12.805807643105204 ], [ -74.967875755536738, -12.805945179250994 ], [ -74.967735574341233, -12.806082715320406 ], [ -74.967735539351224, -12.806357821717858 ], [ -74.967595357851309, -12.806495357707616 ], [ -74.96745517619938, -12.806632893620973 ], [ -74.967455140903738, -12.806908000006189 ], [ -74.967595287564038, -12.807045570478799 ], [ -74.967735434376365, -12.807183140875786 ], [ -74.967875581340692, -12.807320711197125 ], [ -74.968015728457047, -12.807458281442818 ], [ -74.968015693767015, -12.807733387812346 ], [ -74.968155841187027, -12.807870957979899 ], [ -74.968436170718249, -12.807870991725981 ], [ -74.968576318442686, -12.808008561669052 ], [ -74.968716466319165, -12.808146131536468 ], [ -74.968996796156034, -12.808146164686516 ], [ -74.969136944336967, -12.808283734329418 ], [ -74.969277092669927, -12.808421303896671 ], [ -74.969417241154915, -12.808558873388254 ], [ -74.96955738979193, -12.808696442804161 ], [ -74.969697538580988, -12.808834012144391 ], [ -74.969837687522087, -12.808971581408946 ], [ -74.969977836615215, -12.80910915059782 ], [ -74.969837654804167, -12.809246687751696 ], [ -74.969697472841048, -12.809384224829159 ], [ -74.969697407098025, -12.809934437490995 ], [ -74.969557224677999, -12.810071974485622 ], [ -74.969417042105931, -12.810209511403849 ], [ -74.969416942571002, -12.811034830334183 ], [ -74.96927675938953, -12.811172367166311 ], [ -74.968435759843729, -12.811172267691905 ], [ -74.968295576055169, -12.811309803998814 ], [ -74.968155392114525, -12.811447340229298 ], [ -74.967875058630824, -12.81144730617501 ], [ -74.967734874386451, -12.811584842179446 ], [ -74.967594689989994, -12.811722378107438 ], [ -74.967454505441481, -12.811859913959005 ], [ -74.967454399505201, -12.81268523277042 ], [ -74.967594549349968, -12.812822803190857 ], [ -74.967734699346821, -12.812960373535601 ], [ -74.967734664336447, -12.81323547978962 ], [ -74.967874814637085, -12.813373050056208 ], [ -74.968014965089807, -12.813510620247115 ], [ -74.968155115694643, -12.813648190362331 ], [ -74.968295266451562, -12.813785760401856 ], [ -74.968295232047154, -12.814060866640155 ], [ -74.968435383107888, -12.814198436601496 ], [ -74.968575534320721, -12.814336006487137 ], [ -74.96871568568568, -12.814473576297083 ], [ -74.968855837202739, -12.814611146031321 ], [ -74.968715651735607, -12.814748682522161 ], [ -74.968575466116363, -12.814886218936563 ], [ -74.968435280345005, -12.815023755274519 ], [ -74.968295094421535, -12.815161291536025 ], [ -74.968295025603922, -12.815711503949508 ], [ -74.96815483922326, -12.815849040128075 ], [ -74.968014652690499, -12.815986576230186 ], [ -74.968014444387919, -12.817637213293933 ], [ -74.967874256787738, -12.817774749300099 ], [ -74.967734069035401, -12.81791228522979 ], [ -74.967593881130909, -12.818049821083012 ], [ -74.967453693074262, -12.818187356859756 ], [ -74.967453657744088, -12.818462463003954 ], [ -74.967313469382717, -12.818599998700966 ], [ -74.967173280869176, -12.818737534321478 ], [ -74.967173245233013, -12.819012640453424 ], [ -74.967033056414721, -12.81915017599421 ], [ -74.966892867444258, -12.819287711458504 ], [ -74.966892831502093, -12.819562817578193 ], [ -74.967032984834731, -12.819700388234359 ], [ -74.967173138319566, -12.819837958814796 ], [ -74.967173067039781, -12.820388171027018 ], [ -74.967313220980316, -12.820525741526787 ], [ -74.967453375073035, -12.820663311950838 ], [ -74.967453339735457, -12.820938418043365 ], [ -74.96759349413216, -12.821075988389184 ], [ -74.967733648681062, -12.821213558659293 ], [ -74.967873803382147, -12.821351128853667 ], [ -74.968434492257785, -12.821351196717913 ], [ -74.96857464741629, -12.821488766538593 ], [ -74.968714802726993, -12.821626336283529 ], [ -74.96899514747119, -12.821626369469611 ], [ -74.969135303086688, -12.821763938989815 ], [ -74.969275458854383, -12.821901508434264 ], [ -74.970957529166853, -12.821901699489635 ], [ -74.971097686002267, -12.822039267964271 ], [ -74.971237842989879, -12.822176836363109 ], [ -74.971378000129704, -12.822314404686185 ], [ -74.971518157421741, -12.822451972933484 ], [ -74.971658314865977, -12.822589541105 ], [ -74.971798472462439, -12.822727109200727 ], [ -74.972639510374904, -12.822727198013043 ], [ -74.972779668581282, -12.822864765585846 ], [ -74.972779520775447, -12.82424029582838 ], [ -74.972919679893479, -12.82437786331263 ], [ -74.973059839163739, -12.824515430721048 ], [ -74.973199998586239, -12.82465299805367 ], [ -74.973340158160994, -12.824790565310474 ], [ -74.973340129205368, -12.825065671331538 ], [ -74.973480289084264, -12.825203238509967 ], [ -74.973620449115415, -12.825340805612573 ], [ -74.973760609298807, -12.825478372639349 ], [ -74.973900769634454, -12.8256159395903 ], [ -74.974040930122371, -12.825753506465402 ], [ -74.974321279447125, -12.825753533985013 ], [ -74.974461440239864, -12.825891100635191 ], [ -74.974601601184858, -12.826028667209533 ], [ -74.974741762282122, -12.826166233708031 ], [ -74.97488192353164, -12.826303800130685 ], [ -74.976003323278249, -12.82630390483507 ], [ -74.976143485290322, -12.826441470585372 ], [ -74.976283647454665, -12.826579036259812 ], [ -74.976423809771262, -12.826716601858385 ], [ -74.976423553640416, -12.829467661473648 ], [ -74.97656371762919, -12.829605226970408 ], [ -74.976703881770263, -12.829742792391277 ], [ -74.976703805831477, -12.830568110148247 ], [ -74.976843970580916, -12.830705675485437 ], [ -74.9771243253942, -12.830705700026666 ], [ -74.977264490448562, -12.830843265138755 ], [ -74.977264465743161, -12.831118371041599 ], [ -74.977404631101891, -12.831255936075182 ], [ -74.977684986525603, -12.831255960019604 ], [ -74.977825152189283, -12.831393524828071 ], [ -74.97782512809205, -12.831668630720463 ], [ -74.977965294060084, -12.831806195450406 ], [ -74.978105460180473, -12.831943760104433 ], [ -74.978245626453187, -12.832081324682534 ], [ -74.978525982792561, -12.83208134773164 ], [ -74.978666149370227, -12.832218912084594 ], [ -74.978806316100233, -12.832356476361616 ], [ -74.979086672745368, -12.832356498813285 ], [ -74.97922683978031, -12.832494062865138 ], [ -74.979226659157376, -12.834694909679879 ], [ -74.979366827561421, -12.834832473634766 ], [ -74.979506996117863, -12.834970037513679 ], [ -74.979647164826673, -12.835107601316656 ], [ -74.979787333687852, -12.835245165043677 ], [ -74.979787311716095, -12.835520270859135 ], [ -74.97992748088177, -12.835657834507559 ], [ -74.980207841185674, -12.835657855768975 ], [ -74.980348010656371, -12.835795419192143 ], [ -74.980347989293136, -12.836070524997043 ], [ -74.980207798154424, -12.836208067378292 ], [ -74.980067606863315, -12.836345609683123 ], [ -74.980067476841654, -12.837996244354501 ], [ -74.980207647529298, -12.838133807829879 ], [ -74.980488010576892, -12.838133828796417 ], [ -74.980628181569614, -12.838271392046483 ], [ -74.980768352714747, -12.838408955220562 ], [ -74.980908524012321, -12.83854651831864 ], [ -74.980908503253801, -12.838821624066968 ], [ -74.981048674855955, -12.838959187086413 ], [ -74.981329038819524, -12.838959207156943 ], [ -74.981469210726772, -12.839096769951045 ], [ -74.981469089821175, -12.840747404291093 ], [ -74.981609262794095, -12.840884966993237 ], [ -74.981749435919454, -12.841022529619378 ], [ -74.981749416071338, -12.841297635317279 ], [ -74.981609222792926, -12.841435178388608 ], [ -74.98146902936206, -12.841572721383482 ], [ -74.981468989053639, -12.84212293274965 ], [ -74.981328795164913, -12.842260475661879 ], [ -74.98076805992082, -12.842260435210948 ], [ -74.980627865575187, -12.84239797774705 ], [ -74.980487671077057, -12.842535520206681 ], [ -74.980347476426488, -12.842673062589839 ], [ -74.980207281623422, -12.842810604896522 ], [ -74.980067086667873, -12.842948147126725 ], [ -74.97992689155987, -12.843085689280432 ], [ -74.979786696299385, -12.843223231357673 ], [ -74.979646500886403, -12.843360773358429 ], [ -74.979506305320939, -12.843498315282698 ], [ -74.979506283028897, -12.84377342092518 ], [ -74.979366087158212, -12.843910962769836 ], [ -74.97922589113503, -12.844048504538002 ], [ -74.979085694959366, -12.84418604622967 ], [ -74.978805325206366, -12.84418602375662 ], [ -74.978665128725979, -12.84432356522189 ], [ -74.978524932093109, -12.84446110661067 ], [ -74.978384735307728, -12.844598647922943 ], [ -74.97824453836985, -12.8447361891587 ], [ -74.97810434127949, -12.844873730317952 ], [ -74.977964144036605, -12.845011271400685 ], [ -74.977823946641223, -12.845148812406897 ], [ -74.977823898390156, -12.845699023611031 ], [ -74.977683700536687, -12.845836564534451 ], [ -74.977543502530708, -12.845974105381341 ], [ -74.977543429233094, -12.846799422125571 ], [ -74.977403230616176, -12.846936962886499 ], [ -74.977263031846732, -12.847074503570903 ], [ -74.977122832924735, -12.847212044178759 ], [ -74.976982633850227, -12.847349584710077 ], [ -74.976982583759749, -12.847899795818968 ], [ -74.976842384227041, -12.848037336267442 ], [ -74.976702184541793, -12.848174876639368 ], [ -74.976702159190012, -12.848449982178893 ], [ -74.976842333828557, -12.848587547347039 ], [ -74.97698250861967, -12.848725112439178 ], [ -74.976982408424746, -12.849825534518898 ], [ -74.976842207822116, -12.849963074945327 ], [ -74.976702007066919, -12.850100615295178 ], [ -74.976561806159154, -12.850238155568482 ], [ -74.976421605098821, -12.850375695765219 ], [ -74.97642145111999, -12.852026328636523 ], [ -74.976561627585269, -12.852163893920283 ], [ -74.976701804203145, -12.85230145912802 ], [ -74.976701778842525, -12.852576564581215 ], [ -74.976561576558836, -12.852714104826138 ], [ -74.976421374122538, -12.852851644994482 ], [ -74.976281171533628, -12.852989185086237 ], [ -74.97614099476435, -12.85285161966082 ], [ -74.976000818147668, -12.85271405415938 ], [ -74.974879301332678, -12.852713949232285 ], [ -74.974739097982606, -12.852851488500502 ], [ -74.974598894479925, -12.852989027692114 ], [ -74.974458690824648, -12.853126566807122 ], [ -74.974318487016745, -12.853264105845518 ], [ -74.974178283056247, -12.853401644807303 ], [ -74.974178254946224, -12.853676750232255 ], [ -74.974318431101935, -12.853814316696051 ], [ -74.974458607410256, -12.853951883083832 ], [ -74.974458440564078, -12.855602515481865 ], [ -74.974318235379656, -12.855740054491637 ], [ -74.97417803004258, -12.855877593424765 ], [ -74.974177861337424, -12.85752822557739 ], [ -74.974037654929816, -12.857665764414801 ], [ -74.973897448369527, -12.857803303175571 ], [ -74.973757241656585, -12.857940841859696 ], [ -74.972916086659339, -12.857940756390519 ], [ -74.972775908983891, -12.857803189217927 ], [ -74.972635731461111, -12.857665621969323 ], [ -74.972495524139177, -12.857803159979548 ], [ -74.972495494186674, -12.858078265308636 ], [ -74.972355286559065, -12.858215803238982 ], [ -74.972215078778774, -12.858353341092679 ], [ -74.97221504851953, -12.858628446409599 ], [ -74.972074840433521, -12.858765984183419 ], [ -74.971934632194859, -12.858903521880571 ], [ -74.971934509926498, -12.860003943064985 ], [ -74.972074688361531, -12.860141510665597 ], [ -74.972214866949273, -12.860279078190187 ], [ -74.97235504568971, -12.860416645638756 ], [ -74.972635433435087, -12.860416675033099 ], [ -74.972775612481271, -12.860554242256121 ], [ -74.972915791680151, -12.860691809403132 ], [ -74.97347656778517, -12.860691866694832 ], [ -74.973616747442847, -12.860829433466778 ], [ -74.973756927253234, -12.860967000162685 ], [ -74.974878480695523, -12.860967109954002 ], [ -74.975018661270752, -12.86110467597574 ], [ -74.975158841998692, -12.861242241921415 ], [ -74.975299022879355, -12.861379807791028 ], [ -74.975439203912728, -12.861517373584574 ], [ -74.975579385098811, -12.861654939302051 ], [ -74.975719566437633, -12.861792504943439 ], [ -74.97585974792915, -12.861930070508766 ], [ -74.975999929573405, -12.862067635998027 ], [ -74.97614011137037, -12.8622052014112 ], [ -74.976140059384292, -12.862755411895122 ], [ -74.976280241638861, -12.862892977227004 ], [ -74.976420424046154, -12.863030542482813 ], [ -74.976420398357078, -12.863305647710938 ], [ -74.976560581069549, -12.863443212888054 ], [ -74.976700763934758, -12.86358077798908 ], [ -74.97670073854998, -12.863855883206238 ], [ -74.976840921720381, -12.863993448228559 ], [ -74.977962488629629, -12.863993544858163 ], [ -74.978102672564916, -12.864131109205955 ], [ -74.978242856652969, -12.86426867347765 ], [ -74.978523248687722, -12.864268696586482 ], [ -74.97866343308155, -12.864406260632437 ], [ -74.978803617628117, -12.86454382460227 ], [ -74.978943802327436, -12.864681388495974 ], [ -74.979083987179507, -12.864818952313547 ], [ -74.979364379826919, -12.864818974524136 ], [ -74.979504564984765, -12.864956538115944 ], [ -74.979644750295392, -12.865094101631609 ], [ -74.979784957785711, -12.864956559877131 ], [ -74.979925165123262, -12.864819018046035 ], [ -74.980065372308076, -12.864681476138321 ], [ -74.980065394028486, -12.864406370932315 ], [ -74.980205600907524, -12.864268828944875 ], [ -74.980345807633825, -12.864131286880822 ], [ -74.980486014207358, -12.863993744740178 ], [ -74.980626220628139, -12.863856202522916 ], [ -74.980626241736076, -12.863581097298704 ], [ -74.980766447851124, -12.86344355500173 ], [ -74.980906653813449, -12.863306012628158 ], [ -74.980906674614914, -12.863030907391973 ], [ -74.981046880271506, -12.862893364938699 ], [ -74.98118708577536, -12.862755822408854 ], [ -74.981327291126505, -12.862618279802405 ], [ -74.98146749632491, -12.862480737119366 ], [ -74.981607701370592, -12.862343194359747 ], [ -74.981747906263521, -12.862205651523544 ], [ -74.981747926146724, -12.861930546262997 ], [ -74.981888130733992, -12.861793003347124 ], [ -74.982168520026022, -12.861793022555476 ], [ -74.982308724308083, -12.86165547941299 ], [ -74.982448928437421, -12.861517936193922 ], [ -74.982729317424926, -12.861517954802494 ], [ -74.9828695025885, -12.861655516630549 ], [ -74.983009687904811, -12.861793078382432 ], [ -74.983149891729369, -12.86165553478981 ], [ -74.983290095401202, -12.861517991120609 ], [ -74.98343028087065, -12.861655552649388 ], [ -74.983570466492822, -12.861793114101983 ], [ -74.983710670012357, -12.861655570209287 ], [ -74.983850873379183, -12.86151802624002 ], [ -74.98497242933999, -12.861518092882717 ], [ -74.985112615726948, -12.861655653513575 ], [ -74.985252802266601, -12.861793214068232 ], [ -74.985393004871014, -12.861655669275393 ], [ -74.985533207322703, -12.861518124406002 ], [ -74.985673409621668, -12.861380579460077 ], [ -74.985813611767924, -12.861243034437626 ], [ -74.985953813761455, -12.861105489338657 ], [ -74.986094015602291, -12.860967944163161 ], [ -74.986374403984058, -12.860967958875284 ], [ -74.986514605519645, -12.860830413473273 ], [ -74.986654806902536, -12.860692867994754 ], [ -74.987215583056923, -12.860692895920065 ], [ -74.987355783982011, -12.860555350065065 ], [ -74.987355797754347, -12.860280244762691 ], [ -74.987495998373888, -12.860142698828161 ], [ -74.987636198840718, -12.86000515281714 ], [ -74.987776399154839, -12.859867606729615 ], [ -74.987916599316293, -12.859730060565603 ], [ -74.988056799325037, -12.859592514325101 ], [ -74.989178346754869, -12.859592562979646 ], [ -74.989318546000732, -12.859455016062864 ], [ -74.989318580900218, -12.858629700063542 ], [ -74.989458779534928, -12.858492153061274 ], [ -74.989739165171883, -12.858492164175221 ], [ -74.989879352479477, -12.858629722291681 ], [ -74.990019539939738, -12.858767280331922 ], [ -74.990299925882567, -12.85876729084689 ], [ -74.990440124059745, -12.858629743321394 ], [ -74.99058032208427, -12.858492195719435 ], [ -74.990720519956099, -12.858354648041029 ], [ -74.990860717675261, -12.858217100286176 ], [ -74.991000915241756, -12.858079552454884 ], [ -74.991000964239674, -12.856704025609643 ], [ -74.991141160889612, -12.856566477686972 ], [ -74.991281357386896, -12.856428929687873 ], [ -74.991421553731527, -12.856291381612341 ], [ -74.99156174992352, -12.856153833460382 ], [ -74.991701945962859, -12.856016285232 ], [ -74.99184214184956, -12.855878736927187 ], [ -74.991982337583607, -12.855741188545975 ], [ -74.992122533165016, -12.855603640088328 ], [ -74.992262728593801, -12.855466091554264 ], [ -74.99366463999938, -12.855466129138611 ], [ -74.993804827767548, -12.855603685190042 ], [ -74.99394501568834, -12.855741241165225 ], [ -74.994085203761784, -12.855878797064138 ], [ -74.994225391987868, -12.856016352886812 ], [ -74.996468455131307, -12.856016392655397 ], [ -74.99660864473168, -12.856153947204062 ], [ -74.996608641038961, -12.856429052599069 ], [ -74.996748830944583, -12.85656660706861 ], [ -74.997029214448673, -12.85656661039233 ], [ -74.997169404659644, -12.856704164635842 ], [ -74.997309595023253, -12.856841718803052 ], [ -74.99815074645204, -12.856841726078365 ], [ -74.998290937426376, -12.856979279720006 ], [ -74.998431128553378, -12.857116833285319 ], [ -74.998711512668422, -12.857116834811764 ], [ -74.998851705351157, -12.856979282772862 ], [ -74.99899189788124, -12.856841730657601 ], [ -75.000393816930341, -12.856841732298369 ], [ -75.000534009125985, -12.856979284741806 ], [ -75.000674201474297, -12.857116837108894 ], [ -75.000814393088447, -12.856979284021477 ], [ -75.000954584549945, -12.856841730857726 ], [ -75.001515352169463, -12.856841728218823 ], [ -75.001655543172959, -12.856704174679219 ], [ -75.001795734023801, -12.856566621063306 ], [ -75.001935926829987, -12.856704172760661 ], [ -75.002076119788825, -12.856841724381663 ], [ -75.002356503598435, -12.856841722013741 ], [ -75.002496694143886, -12.856704168024864 ], [ -75.002636884536685, -12.856566613959684 ], [ -75.002917268040861, -12.856566610992694 ], [ -75.003057458128325, -12.856429056701478 ], [ -75.003197648063136, -12.856291502333965 ], [ -75.003478031261835, -12.85629149876794 ], [ -75.003618220891312, -12.856153944174407 ], [ -75.003758410368135, -12.856016389504589 ], [ -75.003898599692306, -12.85587883475849 ], [ -75.004038788863838, -12.855741279936131 ], [ -75.005160319214554, -12.855741260280974 ], [ -75.005300513393891, -12.855878810189271 ], [ -75.005440707725896, -12.856016360021204 ], [ -75.005580902210525, -12.856153909776738 ], [ -75.005580920441432, -12.856979225942004 ], [ -75.005721115536872, -12.857116775612299 ], [ -75.005861310784994, -12.857254325206211 ], [ -75.005861323550576, -12.857804535942488 ], [ -75.006001519256827, -12.857942085454102 ], [ -75.00614171511576, -12.858079634889304 ], [ -75.006141721804269, -12.858354740242891 ], [ -75.006281917968636, -12.858492289598736 ], [ -75.006422114285655, -12.85862983887816 ], [ -75.006422121279826, -12.858904944220104 ], [ -75.006562317902308, -12.859042493420157 ], [ -75.006702514677471, -12.859180042543789 ], [ -75.006842711605316, -12.859317591591003 ], [ -75.006982908685856, -12.859455140561767 ], [ -75.007123105919078, -12.85959268945612 ], [ -75.007263295394182, -12.859455132949865 ], [ -75.007403484716605, -12.859317576367367 ], [ -75.009085804045696, -12.859317523505482 ], [ -75.009225992298667, -12.859179965948426 ], [ -75.009366180398956, -12.859042408315135 ], [ -75.011048497886023, -12.85904234287049 ], [ -75.011188684916746, -12.858904784262849 ], [ -75.011328871794788, -12.858767225578996 ], [ -75.011469058520134, -12.858629666818937 ], [ -75.011609245092814, -12.85849210798267 ], [ -75.01245040199872, -12.85849206941951 ], [ -75.012590601672045, -12.858629615400824 ], [ -75.012590615384198, -12.858904720737824 ], [ -75.012730815363042, -12.859042266639618 ], [ -75.012871015494582, -12.859179812464916 ], [ -75.013011215778789, -12.859317358213721 ], [ -75.013852375428158, -12.859317315153648 ], [ -75.013992576322622, -12.859454860376013 ], [ -75.013992591562641, -12.859729965694173 ], [ -75.014132792762666, -12.859867510837001 ], [ -75.014272994115373, -12.860005055903319 ], [ -75.01441319562079, -12.860142600893115 ], [ -75.014553397278902, -12.860280145806394 ], [ -75.014693599089725, -12.860417690643144 ], [ -75.01483378489597, -12.860280130103513 ], [ -75.014973970549491, -12.860142569487698 ], [ -75.015534745476671, -12.860142536883707 ], [ -75.015674930671736, -12.860004975892446 ], [ -75.015815115714091, -12.859867414825016 ], [ -75.016095502871309, -12.859867397774289 ], [ -75.016235705291564, -12.860004941790613 ], [ -75.016375907864514, -12.860142485730396 ], [ -75.0166562953263, -12.860142468080003 ], [ -75.016796498204414, -12.860280011793225 ], [ -75.016796516499525, -12.860555117090453 ], [ -75.016936719683272, -12.860692660724048 ], [ -75.01721710775503, -12.860692642473559 ], [ -75.01735731124397, -12.860830185880562 ], [ -75.017497514885619, -12.86096772921101 ], [ -75.017777903261916, -12.860967710360795 ], [ -75.017918107208757, -12.861105253464633 ], [ -75.018058311308309, -12.861242796491911 ], [ -75.018198515560584, -12.861380339442611 ], [ -75.018198594859228, -12.862480760496624 ], [ -75.01833879987602, -12.862618303358374 ], [ -75.018899580290665, -12.862618263555019 ], [ -75.019039785765187, -12.862755806040038 ], [ -75.019039806507863, -12.863030911282053 ], [ -75.019180012288089, -12.863168453687379 ], [ -75.019320218221054, -12.863305996016106 ], [ -75.019460424306757, -12.863443538268237 ], [ -75.019600630545213, -12.863581080443771 ], [ -75.019600651900305, -12.863856185667611 ], [ -75.019740858444493, -12.863993727763422 ], [ -75.019881065141433, -12.864131269782613 ], [ -75.020021271991112, -12.864268811725211 ], [ -75.021423232173476, -12.864268700963256 ], [ -75.02156341644374, -12.864131136869734 ], [ -75.021703600561253, -12.86399357270011 ], [ -75.021843784526027, -12.863856008454349 ], [ -75.021843760727009, -12.863580903234425 ], [ -75.021983944386577, -12.863443338909933 ], [ -75.022124127893392, -12.863305774509325 ], [ -75.022264311247469, -12.86316821003261 ], [ -75.02618978255056, -12.863167847476133 ], [ -75.026329992294791, -12.863305386051664 ], [ -75.026470202191774, -12.863442924550517 ], [ -75.027311375512056, -12.863442838316013 ], [ -75.027451586018969, -12.86358037628764 ], [ -75.027591796678635, -12.863717914182569 ], [ -75.027872188088821, -12.863717884537909 ], [ -75.028012399053608, -12.863855422205948 ], [ -75.028152610171162, -12.86399295979728 ], [ -75.028433001885404, -12.863992929552493 ], [ -75.028573213308093, -12.864130466916901 ], [ -75.028713424883534, -12.864268004204613 ], [ -75.029274208919404, -12.864267942214987 ], [ -75.029414420952364, -12.864405479125551 ], [ -75.029554633138076, -12.864543015959395 ], [ -75.029694845476541, -12.864680552716509 ], [ -75.029835057967773, -12.864818089396891 ], [ -75.029975270611743, -12.864955626000546 ], [ -75.029975303273744, -12.865230731173906 ], [ -75.030115516223631, -12.865368267697592 ], [ -75.030255729326285, -12.865505804144536 ], [ -75.030395942581706, -12.865643340514744 ], [ -75.030536155989893, -12.865780876808206 ], [ -75.030676369550847, -12.865918413024925 ], [ -75.030816583264581, -12.866055949164895 ], [ -75.030956797131083, -12.866193485228115 ], [ -75.031097011150379, -12.866331021214565 ], [ -75.031237225322428, -12.866468557124273 ], [ -75.031377439647272, -12.866606092957225 ], [ -75.031377473841644, -12.866881198092415 ], [ -75.031517688472448, -12.867018733845358 ], [ -75.031657903256047, -12.867156269521528 ], [ -75.031798118192427, -12.867293805120937 ], [ -75.032078513563249, -12.867293770970523 ], [ -75.032218728804807, -12.867431306342876 ], [ -75.032218799032648, -12.867981516568404 ], [ -75.032359014733416, -12.868119051857457 ], [ -75.032499230586978, -12.868256587069725 ], [ -75.032499266008557, -12.868531692167332 ], [ -75.032639482168136, -12.868669227299536 ], [ -75.033761069748564, -12.868669085285518 ], [ -75.033901286670499, -12.868806619739678 ], [ -75.034041503745257, -12.868944154117035 ], [ -75.034321900942999, -12.868944117563251 ], [ -75.034462118322949, -12.869081651713467 ], [ -75.034602335855709, -12.869219185786871 ], [ -75.035163130858095, -12.869219111178378 ], [ -75.035303348848416, -12.869356644874276 ], [ -75.03544356699156, -12.869494178493353 ], [ -75.035723964796176, -12.869494140438613 ], [ -75.035864183244499, -12.869631673830506 ], [ -75.036004401845659, -12.869769207145566 ], [ -75.036284799954089, -12.869769168490235 ], [ -75.036425018860427, -12.869906701578079 ], [ -75.036565237919575, -12.870044234589097 ], [ -75.037406433153478, -12.870044115921599 ], [ -75.037546652822556, -12.870181648404641 ], [ -75.037686872644443, -12.870319180810823 ], [ -75.037967271358568, -12.870319140354452 ], [ -75.038107491485647, -12.870456672533383 ], [ -75.03824771176555, -12.870594204635452 ], [ -75.038528110783403, -12.870594163578398 ], [ -75.038668331368498, -12.870731695453198 ], [ -75.038808552106417, -12.870869227251125 ], [ -75.038948772997173, -12.871006758972163 ], [ -75.039088994040767, -12.871144290616337 ], [ -75.03936939366703, -12.871144248657744 ], [ -75.039509615015817, -12.871281780074623 ], [ -75.039649836517427, -12.871419311414616 ], [ -75.039790058171903, -12.87155684267772 ], [ -75.039930279979217, -12.871694373863937 ], [ -75.040210680213832, -12.871694331003722 ], [ -75.040350902326338, -12.87183186196261 ], [ -75.040491124591682, -12.871969392844596 ], [ -75.040631347009892, -12.872106923649687 ], [ -75.04077156958094, -12.872244454377849 ], [ -75.040911792304854, -12.872381985029127 ], [ -75.04105201518162, -12.872519515603496 ], [ -75.043014823192848, -12.872519200865002 ], [ -75.043155000237661, -12.872381625331959 ], [ -75.043295177129608, -12.872244049723003 ], [ -75.043435401224428, -12.872381579020091 ], [ -75.043575625472101, -12.87251910824024 ], [ -75.044136427746935, -12.872519014415717 ], [ -75.044276652452069, -12.872656543257943 ], [ -75.04441687731007, -12.872794072023224 ], [ -75.044557102320923, -12.872931600711546 ], [ -75.044697327484641, -12.873069129322918 ], [ -75.044837552801226, -12.873206657857329 ], [ -75.04469737622, -12.873344234279999 ], [ -75.044557199485908, -12.873481810626785 ], [ -75.044557248070106, -12.873756915575763 ], [ -75.044697473694114, -12.873894444176909 ], [ -75.045538681677186, -12.873894299374927 ], [ -75.045678907910997, -12.874031827447544 ], [ -75.045678957720469, -12.874306932380735 ], [ -75.045819184260623, -12.874444460372951 ], [ -75.046660394064361, -12.874444311964723 ], [ -75.046800621214288, -12.874581839428318 ], [ -75.04680072328523, -12.875132049257141 ], [ -75.046940950894992, -12.875269576636894 ], [ -75.047081178657663, -12.875407103939647 ], [ -75.047221406573229, -12.875544631165399 ], [ -75.047361634641675, -12.875682158314135 ], [ -75.047361686292888, -12.875957263206146 ], [ -75.047501914667734, -12.87609479027445 ], [ -75.047642143195489, -12.876232317265741 ], [ -75.047782371876167, -12.876369844180026 ], [ -75.04792260070974, -12.876507371017292 ], [ -75.048062829696221, -12.876644897777545 ], [ -75.048203058835611, -12.87678242446076 ], [ -75.048343288127924, -12.876919951066972 ], [ -75.048483517573146, -12.877057477596159 ], [ -75.048623747171277, -12.877195004048321 ], [ -75.048904153486404, -12.877194951867503 ], [ -75.049044383389756, -12.877332478092027 ], [ -75.049044436883207, -12.877607582942616 ], [ -75.04918466709303, -12.877745109086648 ], [ -75.049324897455776, -12.87788263515364 ], [ -75.049465127971445, -12.878020161143569 ], [ -75.049605358640051, -12.878157687056476 ], [ -75.04960541274896, -12.878432791887434 ], [ -75.049745643724052, -12.878570317719822 ], [ -75.050026051563449, -12.878570264332899 ], [ -75.05016628284379, -12.8787077899376 ], [ -75.050306514277054, -12.878845315465247 ], [ -75.050586922419782, -12.878845261476959 ], [ -75.050727154158309, -12.878982786776902 ], [ -75.050867386049759, -12.879120311999761 ], [ -75.051007618094147, -12.879257837145573 ], [ -75.05100767373753, -12.879532941947526 ], [ -75.051147906088474, -12.87967046701278 ], [ -75.051428315145017, -12.879670412120575 ], [ -75.051568547801196, -12.879807936958091 ], [ -75.05170878061034, -12.879945461718529 ], [ -75.051989189970186, -12.879945406224872 ], [ -75.052129423084565, -12.880082930757551 ], [ -75.05226965635191, -12.880220455213143 ], [ -75.052409889772221, -12.880357979591626 ], [ -75.052550123345483, -12.880495503893036 ], [ -75.052690357071697, -12.880633028117348 ], [ -75.05283059095089, -12.880770552264561 ], [ -75.052970824983021, -12.880908076334675 ], [ -75.052970882775696, -12.881183181093432 ], [ -75.053111117114454, -12.881320705082933 ], [ -75.053251351606178, -12.88145822899531 ], [ -75.053391586250868, -12.88159575283059 ], [ -75.053531821048537, -12.881733276588763 ], [ -75.053672055999186, -12.881870800269821 ], [ -75.053812291102815, -12.882008323873759 ], [ -75.053952526359424, -12.882145847400576 ], [ -75.054513349951264, -12.882145731290727 ], [ -75.054653585665449, -12.882283254438963 ], [ -75.054793821532613, -12.882420777510074 ], [ -75.05563505782375, -12.882420600189569 ], [ -75.055775294300759, -12.882558122731309 ], [ -75.055915530930747, -12.88269564519589 ], [ -75.057317592910465, -12.882695342150537 ], [ -75.057457767758464, -12.882557759080902 ], [ -75.057597942453484, -12.882420175935438 ], [ -75.059000002859747, -12.882419863891387 ], [ -75.05914017663315, -12.882282279923116 ], [ -75.059280350253573, -12.88214469587906 ], [ -75.060401997321861, -12.882144439645522 ], [ -75.060542170174344, -12.88200685492817 ], [ -75.060682342873875, -12.881869270135045 ], [ -75.060822515420412, -12.881731685266157 ], [ -75.060962687813955, -12.8815941003215 ], [ -75.061102860054547, -12.881456515301085 ], [ -75.061243032142158, -12.881318930204927 ], [ -75.06138320407679, -12.881181345032994 ], [ -75.061523375858471, -12.881043759785308 ], [ -75.061663547487171, -12.880906174461868 ], [ -75.061803718962906, -12.880768589062681 ], [ -75.062084129188705, -12.880768522760315 ], [ -75.062224300357727, -12.880630937136043 ], [ -75.062364471373797, -12.880493351436032 ], [ -75.062504642236902, -12.880355765660282 ], [ -75.062644812947042, -12.880218179808812 ], [ -75.0632056321639, -12.880218045109046 ], [ -75.063345802413593, -12.880080458883187 ], [ -75.063485972510307, -12.879942872581605 ], [ -75.063766381808833, -12.87994280448291 ], [ -75.063906551598834, -12.879805217956299 ], [ -75.064046721235911, -12.879667631353975 ], [ -75.064186890720023, -12.879530044675935 ], [ -75.064327060051184, -12.879392457922181 ], [ -75.064467229229408, -12.879254871092723 ], [ -75.064607398254694, -12.879117284187558 ], [ -75.064747567127029, -12.878979697206704 ], [ -75.064887735846412, -12.878842110150131 ], [ -75.065027904412858, -12.878704523017865 ], [ -75.065168072826381, -12.878566935809896 ], [ -75.066009296099296, -12.878566725234531 ], [ -75.066149536055136, -12.878704242247611 ], [ -75.066150041197986, -12.880629975297888 ], [ -75.066009872181795, -12.880767563012526 ], [ -75.065869703012638, -12.880905150651463 ], [ -75.065869918614695, -12.881730464716734 ], [ -75.066010160263104, -12.88186798176311 ], [ -75.066150402064466, -12.882005498732223 ], [ -75.066150474242789, -12.882280603401787 ], [ -75.066290716350977, -12.882418120289969 ], [ -75.066430958612131, -12.88255563710088 ], [ -75.066431031099768, -12.88283074175733 ], [ -75.066571273667748, -12.882968258487297 ], [ -75.066711516388722, -12.883105775139994 ], [ -75.066711880390542, -12.884481298299075 ], [ -75.066852124033758, -12.884618814856129 ], [ -75.066992367829982, -12.884756331335886 ], [ -75.06699266029274, -12.885856749729921 ], [ -75.067132904857459, -12.885994266117685 ], [ -75.0672731495752, -12.886131782428128 ], [ -75.067413394446007, -12.886269298661283 ], [ -75.067553639469821, -12.886406814817132 ], [ -75.067553713205285, -12.886681919386506 ], [ -75.067413541610861, -12.88681950780162 ], [ -75.067273369863386, -12.886957096141021 ], [ -75.067133197962875, -12.887094684404703 ], [ -75.066993025909312, -12.88723227259266 ], [ -75.066993099037703, -12.887507377147884 ], [ -75.067133344525772, -12.887644893513587 ], [ -75.067273590166877, -12.887782409801975 ], [ -75.06727366360478, -12.888057514344091 ], [ -75.06741390955284, -12.888195030551483 ], [ -75.06755415565398, -12.888332546681559 ], [ -75.06755467192184, -12.890258278263223 ], [ -75.067694919253555, -12.890395794290187 ], [ -75.067835166738348, -12.890533310239817 ], [ -75.067835240805607, -12.890808414721018 ], [ -75.06797548859744, -12.890945930589623 ], [ -75.068115736542367, -12.891083446380888 ], [ -75.068115810919281, -12.891358550848956 ], [ -75.067975637045066, -12.891496139527366 ], [ -75.067835463017744, -12.891633728130042 ], [ -75.067695288837328, -12.891771316656971 ], [ -75.067555114503804, -12.891908905108137 ], [ -75.067414940017159, -12.892046493483575 ], [ -75.067274765377434, -12.892184081783265 ], [ -75.067134590584573, -12.892321670007201 ], [ -75.066994415638604, -12.892459258155384 ], [ -75.066994488799196, -12.892734362600976 ], [ -75.066854313547836, -12.892871950671308 ], [ -75.066573889881994, -12.892872022145378 ], [ -75.066433714323566, -12.893009609990516 ], [ -75.066293538612015, -12.893147197759875 ], [ -75.066153362747329, -12.893284785453476 ], [ -75.066153434994234, -12.89355988988647 ], [ -75.066013258824142, -12.89369747750219 ], [ -75.065873082500914, -12.89383506504214 ], [ -75.065873442237518, -12.895210587099427 ], [ -75.066013691426932, -12.895348103966262 ], [ -75.066153940769468, -12.895485620755741 ], [ -75.066013763533235, -12.895623208356728 ], [ -75.065873586143823, -12.895760795881918 ], [ -75.065874665653581, -12.89988736101451 ], [ -75.065734485825729, -12.900024948432248 ], [ -75.065594305844684, -12.900162535774182 ], [ -75.065594449198102, -12.900712744351921 ], [ -75.065454268759041, -12.900850331613809 ], [ -75.065314088166772, -12.900987918799869 ], [ -75.065173907421283, -12.9011255059101 ], [ -75.065033726522557, -12.901263092944484 ], [ -75.064893545470611, -12.90140067990305 ], [ -75.064753364265428, -12.901538266785778 ], [ -75.064753505796617, -12.902088475314997 ], [ -75.064613324133376, -12.90222606211764 ], [ -75.064473142316885, -12.902363648844419 ], [ -75.064473212780086, -12.902638753096111 ], [ -75.06433303065792, -12.902776339744936 ], [ -75.064192848382518, -12.902913926317906 ], [ -75.064192918542474, -12.903189030559568 ], [ -75.064052735961383, -12.903326617054553 ], [ -75.063912553227013, -12.90346420347368 ], [ -75.063772370339407, -12.90360178981693 ], [ -75.063632117748355, -12.903464271851222 ], [ -75.063491865310567, -12.903326753808127 ], [ -75.063211429982744, -12.903326821733888 ], [ -75.063071246786222, -12.903464407704243 ], [ -75.062931063436423, -12.903601993598706 ], [ -75.062790879933374, -12.903739579417316 ], [ -75.062791017199402, -12.9042897878752 ], [ -75.062650833238152, -12.904427373613636 ], [ -75.062510649123624, -12.904564959276192 ], [ -75.062510785786074, -12.905115167702361 ], [ -75.062370601213317, -12.905252753284726 ], [ -75.061809726251923, -12.90525288645064 ], [ -75.061669541217753, -12.905390471657853 ], [ -75.061669810889029, -12.906490888435364 ], [ -75.061529625091538, -12.906628473558033 ], [ -75.06124918607405, -12.906628539396417 ], [ -75.061108999969179, -12.906766124293519 ], [ -75.061109066779267, -12.907041228470563 ], [ -75.060968880368563, -12.907178813289583 ], [ -75.059847121824262, -12.907179072443862 ], [ -75.059706934643984, -12.907316656588257 ], [ -75.059566747310413, -12.907454240656724 ], [ -75.058444987509432, -12.907454493801064 ], [ -75.058304799406329, -12.907592077194805 ], [ -75.058164611149905, -12.907729660512599 ], [ -75.058024422740175, -12.907867243754437 ], [ -75.057884234177152, -12.908004826920315 ], [ -75.05774404546078, -12.908142410010234 ], [ -75.057744108598939, -12.90841751417523 ], [ -75.057603919576678, -12.908555097186976 ], [ -75.057323478391808, -12.908555158824189 ], [ -75.057183289062181, -12.908692741610244 ], [ -75.057043099579218, -12.908830324320327 ], [ -75.056762658084793, -12.908830385357264 ], [ -75.056622468294478, -12.908967967841633 ], [ -75.056482278350813, -12.909105550250022 ], [ -75.05620183654689, -12.909105610686662 ], [ -75.056061646295859, -12.909243192869322 ], [ -75.055921455891493, -12.909380774975975 ], [ -75.055781265333806, -12.909518357006654 ], [ -75.05578132633255, -12.909793461152159 ], [ -75.055641135468903, -12.909931043104612 ], [ -75.05508025001113, -12.909931161879978 ], [ -75.054940058686029, -12.910068743456897 ], [ -75.054940118767547, -12.910343847594769 ], [ -75.054799927136486, -12.910481429093434 ], [ -75.053678153745267, -12.910481661840944 ], [ -75.053537902795284, -12.910344138525952 ], [ -75.053397651998651, -12.910206615133667 ], [ -75.053257459596736, -12.910344195809634 ], [ -75.0531172670415, -12.91048177640957 ], [ -75.052977074332887, -12.910619356933458 ], [ -75.052977132270271, -12.910894461068688 ], [ -75.052836939255641, -12.911032041514297 ], [ -75.052696746087662, -12.911169621883865 ], [ -75.052556552766319, -12.911307202177392 ], [ -75.052416359291612, -12.911444782394875 ], [ -75.052416416619579, -12.911719886515243 ], [ -75.052276222838827, -12.911857466654407 ], [ -75.051715333054588, -12.911857578226762 ], [ -75.05157513881241, -12.911995157990217 ], [ -75.051575308047532, -12.912820470310383 ], [ -75.051435113193833, -12.912958049990932 ], [ -75.051294918186755, -12.91309562959542 ], [ -75.051294974295601, -12.913370733686019 ], [ -75.051154778982422, -12.913508313212146 ], [ -75.050874332245229, -12.913508367952446 ], [ -75.050734136624627, -12.913645947252636 ], [ -75.050593940850618, -12.913783526476754 ], [ -75.050453744923232, -12.913921105624787 ], [ -75.050313548842453, -12.914058684696718 ], [ -75.050173352608269, -12.914196263692581 ], [ -75.050173407495151, -12.914471367764852 ], [ -75.050033210954808, -12.914608946682327 ], [ -75.048350523119439, -12.914609263415795 ], [ -75.048210325501557, -12.914746841357786 ], [ -75.048070127730284, -12.914884419223666 ], [ -75.047789679445401, -12.914884470659413 ], [ -75.047649481366705, -12.915022048299257 ], [ -75.047509283134602, -12.915159625862964 ], [ -75.046948385945157, -12.915159727231881 ], [ -75.046808187251642, -12.915297304419617 ], [ -75.046667988404721, -12.915434881531221 ], [ -75.046527789404394, -12.915572458566684 ], [ -75.046387590250646, -12.915710035526011 ], [ -75.046107141038149, -12.915710085159267 ], [ -75.045966941576978, -12.915847661892501 ], [ -75.046107191482918, -12.915985189216231 ], [ -75.046247441542263, -12.916122716462722 ], [ -75.046247492142214, -12.916397820510452 ], [ -75.046387742508998, -12.916535347676264 ], [ -75.046527993029201, -12.916672874764837 ], [ -75.046528196672853, -12.917773290870468 ], [ -75.046387996296389, -12.917910867811056 ], [ -75.046247795766476, -12.91804844467549 ], [ -75.046388047057391, -12.918185971820671 ], [ -75.046528298501755, -12.918323498888602 ], [ -75.046528349417954, -12.918598602888995 ], [ -75.046668601169799, -12.918736129876212 ], [ -75.046808853075092, -12.918873656786182 ], [ -75.046809109214337, -12.920249176666957 ], [ -75.046949362043378, -12.920386703482437 ], [ -75.047089615025897, -12.920524230220646 ], [ -75.047089718106179, -12.921074438118676 ], [ -75.047229971550323, -12.921211964772711 ], [ -75.047370225147958, -12.921349491349464 ], [ -75.047370276998052, -12.921624595282911 ], [ -75.047510530903267, -12.921762121778926 ], [ -75.047650784961974, -12.921899648197652 ], [ -75.047791039174172, -12.922037174539083 ], [ -75.047931293539861, -12.922174700803209 ], [ -75.04807154805907, -12.922312226990053 ], [ -75.048211802731757, -12.922449753099597 ], [ -75.048352057557963, -12.922587279131841 ], [ -75.048492312537661, -12.922724805086784 ], [ -75.048492365621797, -12.922999908986778 ], [ -75.048632620909132, -12.923137434860948 ], [ -75.048772876349972, -12.923274960657787 ], [ -75.048773089931871, -12.924375376172195 ], [ -75.048913346142783, -12.924512901877844 ], [ -75.0490536025072, -12.924650427506188 ], [ -75.049053709922163, -12.925200635214802 ], [ -75.049193966748447, -12.925338160758873 ], [ -75.049334223728252, -12.925475686225615 ], [ -75.049334277745928, -12.92575079006428 ], [ -75.04947453503344, -12.925888315450209 ], [ -75.049754995588941, -12.925888262161811 ], [ -75.049895253182925, -12.92602578731921 ], [ -75.050035510930456, -12.926163312399261 ], [ -75.050175768831537, -12.926300837401962 ], [ -75.050316026886179, -12.926438362327319 ], [ -75.050456285094356, -12.926575887175325 ], [ -75.050456450851527, -12.927401198590415 ], [ -75.050596709675872, -12.927538723350596 ], [ -75.05073696865378, -12.927676248033421 ], [ -75.050737246483436, -12.929051766907937 ], [ -75.050597042149988, -12.929189346003595 ], [ -75.050456837662963, -12.929326925023096 ], [ -75.050457058726153, -12.93042734000017 ], [ -75.050316853473689, -12.9305649189343 ], [ -75.05017664806762, -12.930702497792238 ], [ -75.050176703030672, -12.930977601517441 ], [ -75.050036497318004, -12.93111518029689 ], [ -75.049896291451745, -12.931252759000145 ], [ -75.049756085431852, -12.931390337627201 ], [ -75.048353751925646, -12.931390601172799 ], [ -75.048213544980953, -12.931528178973133 ], [ -75.04821359779713, -12.931803282689112 ], [ -75.04807339054581, -12.931940860410917 ], [ -75.047933130630724, -12.931803334345178 ], [ -75.047792870869259, -12.931665808202084 ], [ -75.046390535784269, -12.931666061205682 ], [ -75.046250327607041, -12.93180363795283 ], [ -75.046110119276179, -12.931941214623741 ], [ -75.045829651947216, -12.931941264020084 ], [ -75.045689443308532, -12.9320788404646 ], [ -75.045689493361849, -12.932353944178983 ], [ -75.045549284416481, -12.932491520544897 ], [ -75.044707880575714, -12.932491666027969 ], [ -75.044567671014107, -12.932629241867126 ], [ -75.044427461298866, -12.93276681763003 ], [ -75.044146993041295, -12.932766865221277 ], [ -75.044006734806203, -12.932629337048574 ], [ -75.043866476724759, -12.932491808798575 ], [ -75.043726266700574, -12.932629384187218 ], [ -75.043586056522784, -12.932766959499597 ], [ -75.043305588261859, -12.932767006186669 ], [ -75.043165377776219, -12.932904581272583 ], [ -75.043165425067514, -12.933179684979049 ], [ -75.043025214275161, -12.933317259986289 ], [ -75.042464276518771, -12.933317351857511 ], [ -75.042324065264395, -12.933454926488066 ], [ -75.042183853856386, -12.933592501042318 ], [ -75.042043596230414, -12.933454971821362 ], [ -75.04190333875809, -12.933317442523109 ], [ -75.041061932109116, -12.933317576260965 ], [ -75.040921720083901, -12.933455150140469 ], [ -75.040781507905024, -12.933592723943649 ], [ -75.040641295572527, -12.933730297670497 ], [ -75.040641340101431, -12.9340054013685 ], [ -75.040501127462122, -12.934142975016627 ], [ -75.040220657653109, -12.934143018393153 ], [ -75.040080444705993, -12.934280591814719 ], [ -75.040080620377395, -12.935381006533296 ], [ -75.039940406664016, -12.935518579868841 ], [ -75.03980019279696, -12.935656153128047 ], [ -75.039800236411011, -12.935931256788376 ], [ -75.039660022237115, -12.936068829968796 ], [ -75.03937955027375, -12.93606887244758 ], [ -75.03923933579199, -12.9362064454014 ], [ -75.039239378793326, -12.936481549052013 ], [ -75.039099164004725, -12.936619121927048 ], [ -75.038958949062419, -12.936756694725725 ], [ -75.038958991758363, -12.937031798365686 ], [ -75.038818776509174, -12.937169371085565 ], [ -75.038538303313373, -12.937169412663589 ], [ -75.03839808775632, -12.937306985156793 ], [ -75.03839821400868, -12.938132296030043 ], [ -75.038257997838272, -12.938269868439567 ], [ -75.038117781514174, -12.9384074407727 ], [ -75.038117823293788, -12.938682544380645 ], [ -75.03797760666275, -12.938820116634972 ], [ -75.037697131619609, -12.938820157313863 ], [ -75.037556914680678, -12.93895772934148 ], [ -75.037557120523573, -12.940333247274308 ], [ -75.03741690266466, -12.940470819213273 ], [ -75.037276684652028, -12.940608391075834 ], [ -75.037276725516932, -12.940883494640104 ], [ -75.037136507197275, -12.941021066423806 ], [ -75.036996288723898, -12.941158638131101 ], [ -75.036996329283198, -12.941433741684682 ], [ -75.037136588623383, -12.941571273530087 ], [ -75.037276848117301, -12.941708805298212 ], [ -75.037276970726168, -12.942534115904168 ], [ -75.037417230836553, -12.942671647584991 ], [ -75.037557491100671, -12.942809179188508 ], [ -75.037557532280658, -12.943084282705556 ], [ -75.037417312888977, -12.943221854619985 ], [ -75.037277093343533, -12.943359426457997 ], [ -75.037277583897918, -12.946660668151914 ], [ -75.037137362358834, -12.94679823988402 ], [ -75.036997140665932, -12.946935811539678 ], [ -75.036997221824805, -12.947486018397722 ], [ -75.036856999671372, -12.947623589972018 ], [ -75.036576514783221, -12.947623629472515 ], [ -75.036436292321667, -12.947761200819901 ], [ -75.036436412223807, -12.948586511051326 ], [ -75.036576675268066, -12.948724043112671 ], [ -75.036716938466171, -12.948861575096682 ], [ -75.036857201818123, -12.948999107003379 ], [ -75.037698661092037, -12.948998986678181 ], [ -75.03783892505794, -12.949136518053544 ], [ -75.037839008078009, -12.949686724813565 ], [ -75.037698785160586, -12.94982429681955 ], [ -75.037558562089288, -12.949961868749078 ], [ -75.037558644499654, -12.950512075476084 ], [ -75.03769890923769, -12.950649606908739 ], [ -75.037839174129601, -12.95078713826404 ], [ -75.037979439175373, -12.95092466954199 ], [ -75.038119704375021, -12.951062200742587 ], [ -75.038119913504673, -12.952437717391783 ], [ -75.038260179630001, -12.952575248498274 ], [ -75.038400445909218, -12.952712779527396 ], [ -75.038400530185342, -12.95326298613311 ], [ -75.038260305582511, -12.953400558408205 ], [ -75.038120080825749, -12.953538130606811 ], [ -75.038120206326695, -12.954363440457222 ], [ -75.037979980955754, -12.954501012572026 ], [ -75.037839755430909, -12.95463858461035 ], [ -75.03798002263791, -12.954776115841437 ], [ -75.03812028999883, -12.954913646995159 ], [ -75.038120331836325, -12.955188750255441 ], [ -75.03798010600508, -12.955326322362897 ], [ -75.037839880019902, -12.955463894393866 ], [ -75.037980147690106, -12.955601425614928 ], [ -75.038120415514243, -12.955738956758607 ], [ -75.038120541038353, -12.956564266469853 ], [ -75.038260809479681, -12.956701797526094 ], [ -75.038401078074955, -12.956839328504937 ], [ -75.038401246689418, -12.957939741345283 ], [ -75.038261019478, -12.958077313578789 ], [ -75.037980522898636, -12.95807735462226 ], [ -75.037840295378828, -12.958214926628701 ], [ -75.037700067705032, -12.958352498558654 ], [ -75.037559839877289, -12.958490070412097 ], [ -75.037559881111477, -12.958765173598787 ], [ -75.037419652976254, -12.958902745373264 ], [ -75.037279424687085, -12.95904031707123 ], [ -75.037279465615214, -12.959315420247187 ], [ -75.03713923701855, -12.959452991866177 ], [ -75.036578240771874, -12.959453071243807 ], [ -75.036438011712349, -12.959590642485111 ], [ -75.036438051718477, -12.959865745652097 ], [ -75.036297822351429, -12.960003316814401 ], [ -75.036157592830421, -12.96014088790017 ], [ -75.036017363155409, -12.960278458909404 ], [ -75.035877133326409, -12.960416029842099 ], [ -75.03573690334342, -12.960553600698239 ], [ -75.035596673206427, -12.960691171477851 ], [ -75.035596790466627, -12.961516480899464 ], [ -75.035456559715001, -12.961654051595071 ], [ -75.035176059122747, -12.96165408962937 ], [ -75.035035828062647, -12.961791660097809 ], [ -75.035035905010318, -12.962341866341619 ], [ -75.035176175006299, -12.962479398993837 ], [ -75.035456676522628, -12.962479360957037 ], [ -75.035596946826189, -12.962616893380385 ], [ -75.035737217283767, -12.962754425726338 ], [ -75.035877487895377, -12.96289195799487 ], [ -75.035877527296478, -12.963167061093959 ], [ -75.036017798216577, -12.963304593281778 ], [ -75.036298300654323, -12.963304554336093 ], [ -75.036438571882044, -12.963442086295013 ], [ -75.036578843263783, -12.963579618176521 ], [ -75.036859346007759, -12.963579578625712 ], [ -75.036999617697091, -12.963717110278301 ], [ -75.036999658333201, -12.963992213356523 ], [ -75.037139930331065, -12.964129744928352 ], [ -75.037280202483004, -12.964267276422754 ], [ -75.037420474788959, -12.964404807839728 ], [ -75.037560747248961, -12.964542339179271 ], [ -75.03756082976011, -12.965092545291615 ], [ -75.037701102683215, -12.965230076547018 ], [ -75.037841375760365, -12.965367607724994 ], [ -75.037841458893467, -12.965917813800745 ], [ -75.037981732433749, -12.966055344894581 ], [ -75.038262237945858, -12.966055303824993 ], [ -75.038402511793791, -12.966192834689835 ], [ -75.038542785795784, -12.966330365477209 ], [ -75.038823291614079, -12.966330323802316 ], [ -75.038963565923723, -12.966467854360687 ], [ -75.03910384038744, -12.9666053848416 ], [ -75.039664852635354, -12.966605299978948 ], [ -75.039805127560285, -12.966742830079255 ], [ -75.039805258747052, -12.967568139077857 ], [ -75.039665026934713, -12.967705711978972 ], [ -75.039524794968315, -12.967843284803539 ], [ -75.039384562847815, -12.967980857551566 ], [ -75.038823547516301, -12.967980941819039 ], [ -75.038683314932541, -12.968118514189204 ], [ -75.038683527443382, -12.969494029031331 ], [ -75.038543293937479, -12.969631601312708 ], [ -75.03840306027746, -12.969769173517504 ], [ -75.038543336288953, -12.969906704261263 ], [ -75.038683612454577, -12.970044234927542 ], [ -75.038683697469679, -12.970594440800559 ], [ -75.038543463349271, -12.970732013072155 ], [ -75.037982441847603, -12.970732095544264 ], [ -75.037842165679564, -12.970594564507371 ], [ -75.037701889665655, -12.970457033392996 ], [ -75.037561655080935, -12.970594605138366 ], [ -75.03756169635696, -12.970869708069769 ], [ -75.037421461464476, -12.971007279736076 ], [ -75.037281226417846, -12.971144851325816 ], [ -75.037281390302169, -12.972245262973681 ], [ -75.037141154486761, -12.972382834476978 ], [ -75.037000918517194, -12.972520405903676 ], [ -75.037141195306518, -12.972657937371975 ], [ -75.037281472250001, -12.972795468762797 ], [ -75.037421749347629, -12.972933000076136 ], [ -75.037562026599417, -12.973070531311999 ], [ -75.03770230400535, -12.973208062470368 ], [ -75.038543844582904, -12.97320793919134 ], [ -75.038684122604025, -12.9733454698173 ], [ -75.038824400779305, -12.973483000365778 ], [ -75.039104914610533, -12.973482958364752 ], [ -75.039245193093635, -12.973620488684075 ], [ -75.039385471730895, -12.973758018925896 ], [ -75.03952575052233, -12.973895549090196 ], [ -75.039525967761264, -12.975271063308961 ], [ -75.039666247480241, -12.975408593378896 ], [ -75.039806527353392, -12.975546123371306 ], [ -75.039806614874735, -12.976096329004672 ], [ -75.039946895211486, -12.976233858912806 ], [ -75.040227412122277, -12.976233815692815 ], [ -75.040367692766893, -12.976371345371723 ], [ -75.040367737146894, -12.976646448172003 ], [ -75.040508018100425, -12.976783977769969 ], [ -75.040648299208158, -12.976921507290411 ], [ -75.040788580470107, -12.977059036733312 ], [ -75.041069098303026, -12.977058992603098 ], [ -75.041209379872868, -12.97719652181673 ], [ -75.041349661596911, -12.977334050952813 ], [ -75.041910697874357, -12.977333961178125 ], [ -75.042050980059983, -12.977471489933198 ], [ -75.042191262399811, -12.9776090186107 ], [ -75.042331544893855, -12.977746547210634 ], [ -75.042331777625265, -12.979122060974554 ], [ -75.042191540752157, -12.979259635130401 ], [ -75.042051303724818, -12.979397209209671 ], [ -75.042051396210056, -12.979947414664972 ], [ -75.041911158721064, -12.98008498866284 ], [ -75.041770921077827, -12.980222562584101 ], [ -75.041770967014614, -12.980497665298223 ], [ -75.041630729063399, -12.980635239140495 ], [ -75.041490490957926, -12.980772812906176 ], [ -75.041490673485811, -12.981873223685255 ], [ -75.041630957994556, -12.982010752611899 ], [ -75.04177124265756, -12.982148281460951 ], [ -75.041771288601765, -12.98242338413441 ], [ -75.041911573573856, -12.982560912902457 ], [ -75.042051858700219, -12.982698441592927 ], [ -75.042051904955102, -12.982973544253774 ], [ -75.042192190390551, -12.983111072863244 ], [ -75.042332475980302, -12.983248601395108 ], [ -75.042332569112531, -12.983798806685755 ], [ -75.042472855166224, -12.983936335133198 ], [ -75.042613141374204, -12.984073863503038 ], [ -75.042613235130077, -12.984624068756832 ], [ -75.042753521802041, -12.984761597042237 ], [ -75.042893808628307, -12.98489912525001 ], [ -75.042894186172731, -12.987099945978178 ], [ -75.042753945150608, -12.987237520365948 ], [ -75.042613703974169, -12.987375094677109 ], [ -75.042473462643372, -12.987512668911647 ], [ -75.042192933090902, -12.987512714592164 ], [ -75.042052691450905, -12.987650288599221 ], [ -75.041912449656564, -12.987787862529633 ], [ -75.041631919793275, -12.987787907605714 ], [ -75.041491677689706, -12.987925481308627 ], [ -75.041351435431793, -12.9880630549349 ], [ -75.041070905257712, -12.988063099406517 ], [ -75.040930662690585, -12.988200672805267 ], [ -75.040930752774329, -12.988750877896557 ], [ -75.040790509745179, -12.988888451213807 ], [ -75.040650266561656, -12.9890260244544 ], [ -75.040650311297398, -12.989301126986488 ], [ -75.04051006780567, -12.989438700147996 ], [ -75.040369824159569, -12.989576273232821 ], [ -75.04022958035911, -12.989713846240996 ], [ -75.040089336404279, -12.989851419172505 ], [ -75.039949092295075, -12.989988992027342 ], [ -75.039808848031498, -12.990126564805507 ], [ -75.039808891845098, -12.990401667317194 ], [ -75.039668647273274, -12.990539240016247 ], [ -75.039528402547063, -12.990676812638597 ], [ -75.039388157666465, -12.990814385184281 ], [ -75.039247912631495, -12.990951957653282 ], [ -75.039107667442124, -12.991089530045594 ], [ -75.038967422098381, -12.991227102361218 ], [ -75.038967636564706, -12.992602614759228 ], [ -75.039107925728104, -12.992740144920445 ], [ -75.039248215045902, -12.992877675004037 ], [ -75.039107968779234, -12.993015247379224 ], [ -75.038546897298474, -12.993015331209179 ], [ -75.038406650567552, -12.993152903205752 ], [ -75.038266403682243, -12.993290475125615 ], [ -75.037985867630596, -12.993290516284384 ], [ -75.037845620435974, -12.993428087976557 ], [ -75.037705373086922, -12.99356565959201 ], [ -75.037565125583455, -12.993703231130741 ], [ -75.037565166939387, -12.993978333574173 ], [ -75.037424919127545, -12.994115905033714 ], [ -75.037284671161288, -12.99425347641651 ], [ -75.037144423040601, -12.994391047722592 ], [ -75.036302811165285, -12.994391166666556 ], [ -75.03616256242546, -12.994528737442888 ], [ -75.036022313531234, -12.994666308142468 ], [ -75.035461238323535, -12.994666385319995 ], [ -75.035320988965083, -12.994803955640787 ], [ -75.035180739452201, -12.994941525884819 ], [ -75.035040489784876, -12.995079096052093 ], [ -75.035040528365641, -12.995354198474157 ], [ -75.034900278389884, -12.995491768562173 ], [ -75.034760028259683, -12.995629338573423 ], [ -75.034760066533323, -12.995904440984701 ], [ -75.034619816094661, -12.996042010916678 ], [ -75.034339276942376, -12.99604204814654 ], [ -75.034199026194386, -12.996179617850697 ], [ -75.034058775291939, -12.996317187478075 ], [ -75.03391852423502, -12.996454757028665 ], [ -75.033778273023671, -12.996592326502459 ], [ -75.033217193477441, -12.99659239884493 ], [ -75.033076941801852, -12.996729967939807 ], [ -75.032936689971791, -12.996867536957893 ], [ -75.032796437987287, -12.997005105899177 ], [ -75.03279647410281, -12.997280208286965 ], [ -75.032656221809773, -12.997417777148929 ], [ -75.032515969362294, -12.997555345934083 ], [ -75.032516005170521, -12.997830448310996 ], [ -75.032375752414495, -12.997968017016818 ], [ -75.032235499503983, -12.998105585645831 ], [ -75.032095246439013, -12.998243154198029 ], [ -75.031954993219543, -12.998380722673412 ], [ -75.031814739845586, -12.998518291071973 ], [ -75.031674486317158, -12.998655859393709 ], [ -75.031534232634243, -12.998793427638621 ], [ -75.031393978796842, -12.998930995806692 ], [ -75.031253724804941, -12.99906856389795 ], [ -75.031113470658568, -12.999206131912374 ], [ -75.030973216357694, -12.999343699849964 ], [ -75.03083296190232, -12.999481267710719 ], [ -75.030692707292459, -12.999618835494632 ], [ -75.030552452528099, -12.999756403201701 ], [ -75.0305524861799, -13.000031505537301 ], [ -75.030412231106936, -13.000169073164979 ], [ -75.030271975879444, -13.000306640715809 ], [ -75.030131720497465, -13.000444208189785 ], [ -75.029851176388746, -13.00044424058432 ], [ -75.029710920697369, -13.000581807830285 ], [ -75.029711018880803, -13.001407114773723 ], [ -75.029851307918079, -13.001544649840834 ], [ -75.029991597109856, -13.001682184830379 ], [ -75.029991630148984, -13.001957287126709 ], [ -75.030131919650216, -13.002094822035415 ], [ -75.030272209305963, -13.002232356866546 ], [ -75.030412499116238, -13.002369891620084 ], [ -75.030552789081057, -13.002507426296054 ], [ -75.03055289006204, -13.003332733110939 ], [ -75.030693180646168, -13.003470267699496 ], [ -75.030833471384867, -13.00360780221048 ], [ -75.030833573302459, -13.004433108953377 ], [ -75.030973864660538, -13.004570643376944 ], [ -75.031114156173174, -13.004708177722893 ], [ -75.031114259027561, -13.005533484393769 ], [ -75.031254551159648, -13.005671018652302 ], [ -75.031394843446321, -13.005808552833203 ], [ -75.03153513588758, -13.005946086936511 ], [ -75.03167542848341, -13.006083620962198 ], [ -75.031675568113343, -13.007184029722731 ], [ -75.031815861483722, -13.007321563657662 ], [ -75.0319561550087, -13.007459097514968 ], [ -75.031956295891533, -13.008559506156098 ], [ -75.031816036814234, -13.008697074460969 ], [ -75.031675777582336, -13.008834642688948 ], [ -75.03153551819581, -13.008972210840042 ], [ -75.031395258654669, -13.009109778914249 ], [ -75.031395293260516, -13.009384881049826 ], [ -75.031255033410531, -13.009522449044601 ], [ -75.031114773405918, -13.009660016962476 ], [ -75.031114807704114, -13.009935119087167 ], [ -75.030974547390628, -13.010072686925602 ], [ -75.030834286922527, -13.010210254687138 ], [ -75.03083432091303, -13.010485356800901 ], [ -75.030694060136028, -13.010622924482982 ], [ -75.030553799204398, -13.010760492088155 ], [ -75.030553967626034, -13.012136002544251 ], [ -75.030413705768424, -13.012273570059758 ], [ -75.030273443756158, -13.012411137498338 ], [ -75.030273477134244, -13.012686239566996 ], [ -75.030413772833924, -13.012823774196335 ], [ -75.030554068688289, -13.012961308748045 ], [ -75.030554102377266, -13.013236410804337 ], [ -75.030694398541343, -13.013373945275131 ], [ -75.030834694860118, -13.013511479668267 ], [ -75.030834830864308, -13.014611887809014 ], [ -75.030975127958044, -13.014749422111395 ], [ -75.03111542520648, -13.014886956336108 ], [ -75.031115493833624, -13.015437160358426 ], [ -75.030975230434663, -13.01557472814598 ], [ -75.030834966880988, -13.015712295856599 ], [ -75.030694703172628, -13.015849863490274 ], [ -75.03055443930954, -13.015987431047011 ], [ -75.030554506705286, -13.01653763502566 ], [ -75.030414242378853, -13.01667520250035 ], [ -75.030273977897679, -13.016812769898088 ], [ -75.030274078071088, -13.017638075807083 ], [ -75.030133812972167, -13.017775643120201 ], [ -75.029993547718519, -13.017913210356364 ], [ -75.029993613887214, -13.018463414256361 ], [ -75.030133912689422, -13.018600948969114 ], [ -75.030274211646358, -13.01873848360421 ], [ -75.03041451075805, -13.018876018161622 ], [ -75.030554810024483, -13.019013552641358 ], [ -75.030695109445659, -13.019151087043404 ], [ -75.03097567458164, -13.019151053690255 ], [ -75.03111597431193, -13.019288587862514 ], [ -75.031256274196977, -13.019426121957078 ], [ -75.03139657423678, -13.019563655973947 ], [ -75.031536874431325, -13.019701189913118 ], [ -75.032098005935751, -13.019701121079498 ], [ -75.032238306593769, -13.019838654636708 ], [ -75.032238377725491, -13.020388858443399 ], [ -75.03237867884863, -13.020526391916333 ], [ -75.03265924552737, -13.020526356738499 ], [ -75.032799546959623, -13.020663889981572 ], [ -75.032939848546633, -13.020801423146928 ], [ -75.033781549503971, -13.020801314879504 ], [ -75.033921814283644, -13.020663745626585 ], [ -75.034062078908534, -13.020526176296734 ], [ -75.034202343378681, -13.02038860688995 ], [ -75.034342607694043, -13.020251037406242 ], [ -75.034623174057316, -13.020251000104677 ], [ -75.034763438062711, -13.020113430392701 ], [ -75.03490370191335, -13.019975860603802 ], [ -75.036587098211754, -13.019975628604984 ], [ -75.036727401494147, -13.020113159724454 ], [ -75.036727442012875, -13.020388261611847 ], [ -75.036867745605264, -13.020525792650204 ], [ -75.037008049352423, -13.020663323610796 ], [ -75.037148353254352, -13.020800854493613 ], [ -75.037709487199905, -13.020800773513445 ], [ -75.037849749806441, -13.020663202141867 ], [ -75.037990012258192, -13.020525630693408 ], [ -75.038130274555186, -13.020388059168059 ], [ -75.038130232488811, -13.020112957285088 ], [ -75.038270494476762, -13.0199753856804 ], [ -75.038551060517577, -13.019975344130742 ], [ -75.038691322195518, -13.019837772297883 ], [ -75.038831583718704, -13.019700200388172 ], [ -75.038971845087119, -13.019562628401577 ], [ -75.038971802095119, -13.019287526503863 ], [ -75.039112063154533, -13.019149954437948 ], [ -75.040795453795411, -13.019149695141717 ], [ -75.04093575892604, -13.019287223988291 ], [ -75.041076064211424, -13.019424752757057 ], [ -75.041216369651565, -13.019562281448007 ], [ -75.041356675246462, -13.019699810061145 ], [ -75.041496980996101, -13.019837338596448 ], [ -75.04163728690051, -13.019974867053952 ], [ -75.042478984983177, -13.019974730568739 ], [ -75.042619291505034, -13.020112258491686 ], [ -75.042619573634227, -13.021762869610523 ], [ -75.042479313050492, -13.021900443544242 ], [ -75.042198744857174, -13.021900489349809 ], [ -75.042058483963331, -13.022038063055414 ], [ -75.041918222914703, -13.022175636684157 ], [ -75.04177796171129, -13.022313210236071 ], [ -75.041778007809995, -13.022588312060162 ], [ -75.041637746297525, -13.022725885532804 ], [ -75.041497484630241, -13.022863458928594 ], [ -75.041357222808173, -13.023001032247523 ], [ -75.040515514497386, -13.023001165122739 ], [ -75.040375252054559, -13.023138737910907 ], [ -75.040234989456934, -13.023276310622187 ], [ -75.039954419707314, -13.023276354004174 ], [ -75.039814156799579, -13.023413926487283 ], [ -75.039814244671902, -13.02396413009653 ], [ -75.039673981300737, -13.024101702497871 ], [ -75.039393410620249, -13.024101745275516 ], [ -75.039253146938961, -13.024239317448636 ], [ -75.03911288310286, -13.024376889544868 ], [ -75.038972619111931, -13.024514461564188 ], [ -75.038832354966203, -13.024652033506632 ], [ -75.038692090665634, -13.02478960537217 ], [ -75.038692133367732, -13.025064707154284 ], [ -75.038551868758006, -13.025202278940467 ], [ -75.038411603993467, -13.025339850649742 ], [ -75.038411815975181, -13.026715359448295 ], [ -75.038271550284051, -13.02685293106836 ], [ -75.038131284438052, -13.026990502611504 ], [ -75.037991018437197, -13.027128074077723 ], [ -75.0378507522815, -13.027265645467024 ], [ -75.037710485970933, -13.027403216779392 ], [ -75.037570219505525, -13.027540788014834 ], [ -75.037570468357941, -13.029191398292044 ], [ -75.037430200811315, -13.029328969435722 ], [ -75.03728993310979, -13.029466540502465 ], [ -75.037149665253381, -13.029604111492256 ], [ -75.036027357715, -13.029604269921107 ], [ -75.035887089082308, -13.029741840228219 ], [ -75.035887207950978, -13.030567145268789 ], [ -75.035746938700086, -13.030704715491462 ], [ -75.035606669294296, -13.030842285637164 ], [ -75.035606944523906, -13.032767997159572 ], [ -75.03546667388197, -13.032905567210831 ], [ -75.035326403085094, -13.0330431371851 ], [ -75.03518613213329, -13.033180707082382 ], [ -75.034905551216085, -13.03318074502987 ], [ -75.034765279953987, -13.03331831469866 ], [ -75.034765318348306, -13.033593416312238 ], [ -75.034625046776767, -13.033730985901506 ], [ -75.034484775050302, -13.033868555413784 ], [ -75.034344503168882, -13.034006124849055 ], [ -75.034204231132534, -13.034143694207323 ], [ -75.034204306687755, -13.03469389739692 ], [ -75.034344616966564, -13.034831429632245 ], [ -75.034484927400342, -13.034968961789719 ], [ -75.034625237989076, -13.035106493869389 ], [ -75.034765548732736, -13.035244025871224 ], [ -75.03490585963138, -13.035381557795223 ], [ -75.035046170684964, -13.035519089641392 ], [ -75.03504620939627, -13.035794191207493 ], [ -75.035186520760234, -13.03593172297249 ], [ -75.037150608848208, -13.035931448773505 ], [ -75.037290921448701, -13.036068979394065 ], [ -75.037431234204163, -13.036206509936768 ], [ -75.037571547114595, -13.036344040401607 ], [ -75.037711860180011, -13.036481570788567 ], [ -75.038834198681528, -13.036481404979856 ], [ -75.038974512519857, -13.036618934679344 ], [ -75.03911482651317, -13.036756464300941 ], [ -75.039255097297286, -13.036618892315031 ], [ -75.039395367926417, -13.036481320252154 ], [ -75.03967595254737, -13.036481277432465 ], [ -75.03981626684913, -13.036618806674722 ], [ -75.039956581305873, -13.036756335839074 ], [ -75.040096895917586, -13.036893864925521 ], [ -75.040097073103937, -13.037994270974369 ], [ -75.039956802013876, -13.038131843402503 ], [ -75.039816530768817, -13.038269415753666 ], [ -75.039816574758945, -13.038544517246399 ], [ -75.039676303204402, -13.038682089518144 ], [ -75.039395716103641, -13.038682132345306 ], [ -75.039255444238592, -13.038819704388571 ], [ -75.039255487610731, -13.039094805871523 ], [ -75.039115215436155, -13.039232377835352 ], [ -75.038974943106567, -13.039369949722198 ], [ -75.038834670621981, -13.039507521532038 ], [ -75.038694397982368, -13.0396450932649 ], [ -75.038554125187744, -13.039782664920779 ], [ -75.038413852238108, -13.039920236499654 ], [ -75.03827357913346, -13.040057808001535 ], [ -75.038133305873771, -13.040195379426416 ], [ -75.038133390148587, -13.040745582335452 ], [ -75.038273706010756, -13.040883112363748 ], [ -75.038414022027936, -13.041020642314127 ], [ -75.038414149380557, -13.041845946613726 ], [ -75.038554466019363, -13.04198347647608 ], [ -75.038694782813209, -13.042121006260514 ], [ -75.03883509976211, -13.042258535967026 ], [ -75.039115690895514, -13.04225849373578 ], [ -75.039256008154027, -13.042396023211888 ], [ -75.039256051539112, -13.042671124619002 ], [ -75.039396369108204, -13.042808654013799 ], [ -75.039536686832378, -13.04294618333066 ], [ -75.039677004711578, -13.043083712569569 ], [ -75.039817322745861, -13.043221241730549 ], [ -75.039957640935199, -13.043358770813596 ], [ -75.040097959279606, -13.043496299818692 ], [ -75.040098092241024, -13.044321603944061 ], [ -75.040238411207227, -13.044459132861036 ], [ -75.04051900481663, -13.044459089101998 ], [ -75.040659324092474, -13.044596617788496 ], [ -75.0407996435234, -13.044734146397033 ], [ -75.040939963109409, -13.044871674927606 ], [ -75.040940008364458, -13.045146776276523 ], [ -75.040799733723318, -13.045284349095832 ], [ -75.040659458927109, -13.045421921838122 ], [ -75.040659503874039, -13.045697023176331 ], [ -75.040519228768161, -13.045834595839196 ], [ -75.040378953507172, -13.045972168425051 ], [ -75.040238678091086, -13.046109740933892 ], [ -75.040098402519916, -13.04624731336572 ], [ -75.039958126793621, -13.046384885720531 ], [ -75.039817850912257, -13.046522457998305 ], [ -75.03995817096866, -13.046659987040679 ], [ -75.04009849118016, -13.046797516005089 ], [ -75.040098535511831, -13.047072617316028 ], [ -75.03995825932175, -13.047210189663504 ], [ -75.039817982976558, -13.04734776193396 ], [ -75.039818115049954, -13.048173065817068 ], [ -75.039958436040095, -13.048310594839103 ], [ -75.040098757185348, -13.048448123783162 ], [ -75.040098845861877, -13.048998326329151 ], [ -75.039958568589483, -13.049135898659511 ], [ -75.03981829116195, -13.049273470912835 ], [ -75.03981846729009, -13.050373875915213 ], [ -75.039678189088846, -13.050511448081703 ], [ -75.039537910732449, -13.050649020171145 ], [ -75.039537998183945, -13.051199222627501 ], [ -75.039397719363066, -13.051336794634986 ], [ -75.039117117993555, -13.051336837200884 ], [ -75.038976838861842, -13.051474408979651 ], [ -75.03883655957496, -13.051611980681358 ], [ -75.038696280132925, -13.051749552305996 ], [ -75.038556000535692, -13.051887123853573 ], [ -75.03841572078332, -13.052024695324073 ], [ -75.038275440875736, -13.052162266717509 ], [ -75.038135160812999, -13.05229983803385 ], [ -75.037994880595065, -13.052437409273127 ], [ -75.037854600221962, -13.052574980435327 ], [ -75.037714319693691, -13.05271255152045 ], [ -75.037574039010224, -13.052850122528483 ], [ -75.037433758171559, -13.052987693459432 ], [ -75.037293477177712, -13.053125264313289 ], [ -75.037153196028683, -13.053262835090054 ], [ -75.037012914724471, -13.053400405789725 ], [ -75.037013037552597, -13.054225709314785 ], [ -75.036872755628991, -13.054363279929911 ], [ -75.036732473550188, -13.054500850467932 ], [ -75.03659219131616, -13.054638420928828 ], [ -75.036311586212548, -13.05463846046257 ], [ -75.036171303667643, -13.054776030694638 ], [ -75.036031020967542, -13.054913600849591 ], [ -75.035750415551675, -13.054913639775526 ], [ -75.035610132540683, -13.055051209701611 ], [ -75.035469849374479, -13.05518877955058 ], [ -75.035329566053065, -13.055326349322419 ], [ -75.03532960513877, -13.05560145046754 ], [ -75.03546992785634, -13.055738981839978 ], [ -75.035610250729121, -13.055876513134441 ], [ -75.035610447727919, -13.057252018739032 ], [ -75.035470163323495, -13.057389588567997 ], [ -75.035329878763818, -13.057527158319825 ], [ -75.035189594048887, -13.057664727994506 ], [ -75.035049309178717, -13.057802297592048 ], [ -75.035049347961987, -13.058077398685423 ], [ -75.03490906278175, -13.058214968203307 ], [ -75.034768777446274, -13.058352537644042 ], [ -75.03462849195553, -13.05849010700762 ], [ -75.034488206309533, -13.058627676294044 ], [ -75.034488473482085, -13.060553383713929 ], [ -75.034348186596972, -13.060690952905592 ], [ -75.034207899556563, -13.060828522020088 ], [ -75.034207937417847, -13.061103623051679 ], [ -75.0340676500673, -13.061241192086481 ], [ -75.033927362561442, -13.061378761044098 ], [ -75.033787074900303, -13.06151632992454 ], [ -75.033225849149119, -13.061516402640709 ], [ -75.033085561021238, -13.061653971140242 ], [ -75.033085707512242, -13.062754375174157 ], [ -75.033226033039412, -13.062891907681131 ], [ -75.033366358721906, -13.063029440110123 ], [ -75.0333664325954, -13.063579642078777 ], [ -75.033506758744707, -13.06371717442315 ], [ -75.033647085049324, -13.063854706689526 ], [ -75.03378741150928, -13.063992238877889 ], [ -75.033927738124561, -13.06412977098827 ], [ -75.03406806489518, -13.064267303020651 ], [ -75.034208391821124, -13.064404834975027 ], [ -75.034208429693706, -13.064679935930664 ], [ -75.034348756930768, -13.064817467803708 ], [ -75.034489084323155, -13.064954999598742 ], [ -75.034489160694037, -13.06550520147916 ], [ -75.034629488553335, -13.065642733189518 ], [ -75.034769816567987, -13.065780264821862 ], [ -75.034769893565539, -13.066330466665578 ], [ -75.034910222047159, -13.066467998213232 ], [ -75.035050550684119, -13.066605529682857 ], [ -75.035050589495839, -13.066880630589287 ], [ -75.035190918443988, -13.067018161977547 ], [ -75.035471537527229, -13.067018123623544 ], [ -75.035611866785658, -13.067155654781034 ], [ -75.035752196199468, -13.067293185860487 ], [ -75.035892525768659, -13.06743071686188 ], [ -75.036032855493218, -13.067568247785246 ], [ -75.036173185373144, -13.067705778630563 ], [ -75.036313515408452, -13.067843309397832 ], [ -75.036453845599141, -13.067980840087051 ], [ -75.036453885969124, -13.068255940960032 ], [ -75.036594216471045, -13.068393471567843 ], [ -75.036734547128347, -13.06853100209759 ], [ -75.036594256997802, -13.068668572431607 ], [ -75.036453966711875, -13.068806142688452 ], [ -75.036313676270538, -13.068943712868093 ], [ -75.036173385673834, -13.069081282970537 ], [ -75.036033094921706, -13.069218852995775 ], [ -75.03589280401421, -13.069356422943807 ], [ -75.035892843767201, -13.069631523789273 ], [ -75.03575255254934, -13.069769093657582 ], [ -75.03561226117607, -13.069906663448698 ], [ -75.035612379510809, -13.070731965935023 ], [ -75.035472087517263, -13.070869535641416 ], [ -75.035331795368279, -13.071007105270565 ], [ -75.035472126809012, -13.071144636455983 ], [ -75.035612458405154, -13.071282167563329 ], [ -75.035612616204659, -13.072382570749808 ], [ -75.03547232328124, -13.072520140441179 ], [ -75.034911072681496, -13.072520216877827 ], [ -75.034770779290866, -13.072657786188035 ], [ -75.034630485744785, -13.072795355420999 ], [ -75.034490192043265, -13.072932924576721 ], [ -75.034349898186292, -13.073070493655196 ], [ -75.034069272261576, -13.073070530808476 ], [ -75.033928978093272, -13.073208099657702 ], [ -75.033929015682702, -13.0734832004271 ], [ -75.033788721203948, -13.073620769196561 ], [ -75.033227468106588, -13.073620841982423 ], [ -75.033087173160609, -13.073758410370633 ], [ -75.032946878059178, -13.07389597868157 ], [ -75.03280658280228, -13.07403354691524 ], [ -75.032806619150605, -13.07430864767025 ], [ -75.0326663235832, -13.074446215824091 ], [ -75.032526027860357, -13.074583783900668 ], [ -75.032385731982018, -13.074721351899969 ], [ -75.032245435948226, -13.074858919821985 ], [ -75.032245578868867, -13.075959322742905 ], [ -75.03210528205932, -13.076096890577466 ], [ -75.031964985094277, -13.07623445833473 ], [ -75.031965091362849, -13.077059760448739 ], [ -75.031824793777048, -13.077197328121063 ], [ -75.031684496035751, -13.077334895716087 ], [ -75.031824829046428, -13.077472428811495 ], [ -75.0319651622126, -13.077609961828852 ], [ -75.031965197638698, -13.077885062510115 ], [ -75.032105531116301, -13.078022595446104 ], [ -75.032245864749413, -13.078160128304027 ], [ -75.03210556669913, -13.078297696118236 ], [ -75.031965268493323, -13.078435263855132 ], [ -75.031965410212322, -13.079535666474959 ], [ -75.031825111230518, -13.079673234124357 ], [ -75.031684812093189, -13.079810801696436 ], [ -75.031544512800323, -13.079948369191191 ], [ -75.031263879092691, -13.079948403315294 ], [ -75.031123579488352, -13.080085970580624 ], [ -75.031123717493713, -13.081186373069009 ], [ -75.031264052377125, -13.081323906423917 ], [ -75.031404387416075, -13.081461439700766 ], [ -75.03140442223129, -13.08173654030165 ], [ -75.031544757581756, -13.081874073497124 ], [ -75.031685093087788, -13.082011606614518 ], [ -75.031825428749372, -13.082149139653827 ], [ -75.031965764566522, -13.08228667261505 ], [ -75.032106100539252, -13.082424205498182 ], [ -75.032948010052252, -13.082424099445841 ], [ -75.033088346646011, -13.08256163179221 ], [ -75.033228683395336, -13.082699164060489 ], [ -75.033369020300242, -13.082836696250661 ], [ -75.033509357360714, -13.082974228362728 ], [ -75.033789994483968, -13.08297419179036 ], [ -75.03393033185516, -13.083111723671404 ], [ -75.034070669381947, -13.083249255474334 ], [ -75.034351306814642, -13.083249218291135 ], [ -75.034491606409404, -13.083111649305813 ], [ -75.034631905848599, -13.082974080243185 ], [ -75.035754454322415, -13.082973927243451 ], [ -75.035894792779544, -13.083111458054066 ], [ -75.03589483257808, -13.083386558607121 ], [ -75.036035171346825, -13.083524089336244 ], [ -75.036175510271164, -13.083661619987211 ], [ -75.03617555038268, -13.083936720527708 ], [ -75.036315889618635, -13.084074251097187 ], [ -75.036456229010184, -13.084211781588515 ], [ -75.036456309860199, -13.084761982638538 ], [ -75.036596649719456, -13.084899513044977 ], [ -75.036736989734308, -13.085037043373275 ], [ -75.03673731566856, -13.087237847285529 ], [ -75.036877657087686, -13.087375377508772 ], [ -75.037017998662463, -13.087512907653837 ], [ -75.037158340392864, -13.087650437720722 ], [ -75.037298682278902, -13.087787967709422 ], [ -75.037439024320591, -13.087925497619937 ], [ -75.037579366517889, -13.088063027452264 ], [ -75.037719708870853, -13.088200557206399 ], [ -75.037860051379454, -13.088338086882326 ], [ -75.038000394043692, -13.088475616480068 ], [ -75.038140736863596, -13.088613145999616 ], [ -75.038281079839138, -13.088750675440963 ], [ -75.038421422970316, -13.088888204804105 ], [ -75.03856176625716, -13.089025734089041 ], [ -75.038702109699656, -13.08916326329577 ], [ -75.038842453297804, -13.089300792424286 ], [ -75.038982797051617, -13.089438321474587 ], [ -75.038982818673489, -13.08957587167966 ] ] ] ] } }
]
}
